#node	date	numeric date
NODE_0000003	2018-07-18	2018.544614
NODE_0000000	2023-02-15	2023.124210
TIP_242|2024-01-30	2024-01-30	2024.080601
NODE_0000001	2023-10-24	2023.813142
NODE_0000002	2023-12-10	2023.940485
NODE_0000005	2023-12-24	2023.978130
TIP_26|2024-01-08	2024-01-08	2024.020492
NODE_0000006	2024-01-01	2024.001366
TIP_822|2024-01-01	2024-01-01	2024.001366
NODE_0000007	2024-01-03	2024.008050
TIP_893|2024-01-11	2024-01-11	2024.028689
TIP_14|2024-02-08	2024-02-08	2024.105191
NODE_0000009	2023-12-10	2023.940485
NODE_0000004	2023-12-28	2023.990384
TIP_525|2024-01-03	2024-01-03	2024.006831
TIP_341|2024-01-15	2024-01-15	2024.039617
NODE_0000008	2024-01-13	2024.033421
TIP_579|2024-01-26	2024-01-26	2024.069672
NODE_0000012	2024-01-13	2024.033421
TIP_909|2024-01-14	2024-01-14	2024.036885
NODE_0000010	2024-01-18	2024.047735
TIP_816|2024-02-07	2024-02-07	2024.102459
TIP_188|2024-01-25	2024-01-25	2024.066940
TIP_2|2024-01-25	2024-01-25	2024.066940
TIP_331|2024-01-21	2024-01-21	2024.056011
TIP_101|2024-01-20	2024-01-20	2024.053279
NODE_0000016	2024-02-04	2024.094262
TIP_511|2024-02-04	2024-02-04	2024.094262
NODE_0000017	2024-02-17	2024.130016
TIP_182|2024-02-20	2024-02-20	2024.137978
TIP_9|2024-02-19	2024-02-19	2024.135246
NODE_0000014	2024-02-24	2024.148907
TIP_785|2024-02-24	2024-02-24	2024.148907
TIP_604|2024-02-24	2024-02-24	2024.148907
NODE_0000021	2024-01-22	2024.059300
NODE_0000018	2024-01-22	2024.059300
TIP_906|2024-01-28	2024-01-28	2024.075137
TIP_768|2024-02-02	2024-02-02	2024.088798
NODE_0000019	2024-01-22	2024.059427
TIP_377|2024-02-11	2024-02-11	2024.113388
NODE_0000024	2024-02-06	2024.101018
TIP_755|2024-02-15	2024-02-15	2024.124317
NODE_0000025	2024-03-18	2024.210918
TIP_754|2024-03-24	2024-03-24	2024.228142
TIP_623|2024-03-24	2024-03-24	2024.228142
TIP_336|2024-03-21	2024-03-21	2024.219945
TIP_601|2024-03-20	2024-03-20	2024.217213
NODE_0000030	2024-04-07	2024.266393
TIP_432|2024-04-07	2024-04-07	2024.266393
TIP_937|2024-04-16	2024-04-16	2024.290984
NODE_0000031	2024-03-27	2024.235196
TIP_380|2024-03-28	2024-03-28	2024.239071
NODE_0000032	2024-04-03	2024.255506
NODE_0000026	2024-04-27	2024.321038
TIP_309|2024-04-27	2024-04-27	2024.321038
NODE_0000027	2024-04-27	2024.322268
TIP_891|2024-04-30	2024-04-30	2024.329235
TIP_600|2024-05-11	2024-05-11	2024.359290
NODE_0000035	2024-04-13	2024.283256
TIP_612|2024-04-19	2024-04-19	2024.299180
NODE_0000036	2024-04-23	2024.310109
TIP_478|2024-04-27	2024-04-27	2024.321038
TIP_269|2024-04-23	2024-04-23	2024.310109
NODE_0000037	2024-01-21	2024.054680
TIP_649|2024-01-21	2024-01-21	2024.056011
NODE_0000038	2024-01-22	2024.059811
TIP_207|2024-01-25	2024-01-25	2024.066940
NODE_0000033	2024-01-31	2024.083333
TIP_319|2024-01-31	2024-01-31	2024.083333
TIP_399|2024-02-01	2024-02-01	2024.086066
NODE_0000034	2024-01-28	2024.074935
TIP_722|2024-02-05	2024-02-05	2024.096995
NODE_0000039	2024-02-05	2024.097897
TIP_240|2024-02-19	2024-02-19	2024.135246
NODE_0000040	2024-02-06	2024.098551
TIP_263|2024-02-22	2024-02-22	2024.143443
NODE_0000044	2024-04-04	2024.259143
TIP_828|2024-04-10	2024-04-10	2024.274590
NODE_0000045	2024-04-27	2024.321038
TIP_695|2024-04-27	2024-04-27	2024.321038
TIP_282|2024-04-27	2024-04-27	2024.321038
NODE_0000047	2024-04-09	2024.271858
TIP_690|2024-04-09	2024-04-09	2024.271858
NODE_0000051	2024-04-14	2024.284385
TIP_569|2024-04-30	2024-04-30	2024.329235
TIP_428|2024-04-17	2024-04-17	2024.293716
NODE_0000053	2024-04-20	2024.300774
TIP_777|2024-05-05	2024-05-05	2024.342896
NODE_0000049	2024-04-20	2024.300774
TIP_748|2024-05-05	2024-05-05	2024.342896
TIP_30|2024-04-27	2024-04-27	2024.321038
NODE_0000041	2024-04-10	2024.274368
NODE_0000048	2024-04-26	2024.319536
TIP_64|2024-04-29	2024-04-29	2024.326503
TIP_921|2024-04-30	2024-04-30	2024.329235
NODE_0000050	2024-04-14	2024.285558
NODE_0000057	2024-05-03	2024.336578
TIP_192|2024-05-09	2024-05-09	2024.353825
NODE_0000052	2024-05-03	2024.336578
TIP_809|2024-05-27	2024-05-27	2024.403005
TIP_28|2024-05-19	2024-05-19	2024.381148
NODE_0000054	2024-04-15	2024.287054
TIP_342|2024-04-15	2024-04-15	2024.288251
NODE_0000055	2024-04-15	2024.287054
NODE_0000079	2024-05-01	2024.331247
TIP_693|2024-05-01	2024-05-01	2024.331967
NODE_0000080	2024-05-22	2024.389292
TIP_919|2024-05-28	2024-05-28	2024.405738
TIP_750|2024-06-07	2024-06-07	2024.433060
NODE_0000058	2024-04-15	2024.287054
NODE_0000077	2024-04-28	2024.324434
TIP_953|2024-05-05	2024-05-05	2024.342896
NODE_0000078	2024-05-03	2024.336842
TIP_659|2024-05-14	2024-05-14	2024.367486
TIP_751|2024-05-28	2024-05-28	2024.405738
NODE_0000061	2024-04-28	2024.323682
NODE_0000062	2024-04-28	2024.324926
TIP_992|2024-05-03	2024-05-03	2024.337432
NODE_0000059	2024-05-15	2024.370972
NODE_0000067	2024-05-15	2024.370972
TIP_299|2024-05-18	2024-05-18	2024.378415
NODE_0000069	2024-05-15	2024.371096
TIP_73|2024-05-25	2024-05-25	2024.397541
NODE_0000071	2024-05-15	2024.371096
TIP_429|2024-05-30	2024-05-30	2024.411202
NODE_0000064	2024-07-02	2024.501366
TIP_68|2024-07-02	2024-07-02	2024.501366
TIP_483|2024-07-12	2024-07-12	2024.528689
NODE_0000073	2024-05-18	2024.379646
TIP_527|2024-05-21	2024-05-21	2024.386612
NODE_0000065	2024-06-03	2024.423026
NODE_0000075	2024-06-05	2024.427596
TIP_406|2024-06-05	2024-06-05	2024.427596
NODE_0000066	2024-06-20	2024.468579
TIP_609|2024-06-20	2024-06-20	2024.468579
TIP_204|2024-07-13	2024-07-13	2024.531421
NODE_0000068	2024-06-08	2024.435792
TIP_520|2024-06-15	2024-06-15	2024.454918
TIP_305|2024-06-08	2024-06-08	2024.435792
NODE_0000070	2024-06-14	2024.452186
TIP_576|2024-06-14	2024-06-14	2024.452186
NODE_0000074	2024-06-15	2024.453817
TIP_851|2024-07-04	2024-07-04	2024.506831
NODE_0000072	2024-06-27	2024.488147
TIP_398|2024-07-05	2024-07-05	2024.509563
TIP_84|2024-07-07	2024-07-07	2024.515027
NODE_0000081	2024-05-05	2024.342346
TIP_258|2024-05-07	2024-05-07	2024.348361
NODE_0000082	2024-05-15	2024.370890
TIP_426|2024-05-22	2024-05-22	2024.389344
TIP_418|2024-05-18	2024-05-18	2024.378415
NODE_0000083	2024-05-18	2024.377085
TIP_495|2024-05-18	2024-05-18	2024.378415
NODE_0000084	2024-05-19	2024.380105
TIP_310|2024-05-20	2024-05-20	2024.383880
NODE_0000085	2024-05-27	2024.403458
NODE_0000086	2024-05-27	2024.403458
TIP_823|2024-06-03	2024-06-03	2024.422131
TIP_15|2024-06-06	2024-06-06	2024.430328
NODE_0000087	2024-06-05	2024.426948
TIP_562|2024-06-05	2024-06-05	2024.427596
NODE_0000088	2024-06-05	2024.426948
NODE_0000089	2024-06-05	2024.427061
TIP_734|2024-07-05	2024-07-05	2024.509563
NODE_0000090	2024-06-05	2024.427704
NODE_0000095	2024-06-17	2024.460383
TIP_763|2024-06-17	2024-06-17	2024.460383
NODE_0000094	2024-06-20	2024.469371
TIP_415|2024-06-25	2024-06-25	2024.482240
NODE_0000097	2024-06-27	2024.487902
TIP_176|2024-07-02	2024-07-02	2024.501366
TIP_859|2024-07-07	2024-07-07	2024.515027
NODE_0000091	2024-06-18	2024.464051
TIP_892|2024-06-29	2024-06-29	2024.493169
NODE_0000092	2024-06-24	2024.478875
TIP_298|2024-07-21	2024-07-21	2024.553279
NODE_0000093	2024-07-05	2024.508551
TIP_770|2024-07-21	2024-07-21	2024.553279
TIP_213|2024-07-19	2024-07-19	2024.547814
NODE_0000098	2024-06-15	2024.454786
NODE_0000100	2024-06-18	2024.463957
NODE_0000104	2024-07-04	2024.507310
TIP_459|2024-07-05	2024-07-05	2024.509563
TIP_196|2024-07-08	2024-07-08	2024.517760
NODE_0000099	2024-06-26	2024.485044
TIP_469|2024-07-05	2024-07-05	2024.509563
TIP_5|2024-07-03	2024-07-03	2024.504098
NODE_0000103	2024-06-26	2024.485044
TIP_803|2024-06-29	2024-06-29	2024.493169
NODE_0000116	2024-06-26	2024.485044
TIP_199|2024-07-26	2024-07-26	2024.566940
TIP_740|2024-07-02	2024-07-02	2024.501366
NODE_0000105	2024-06-21	2024.470594
NODE_0000106	2024-07-08	2024.517365
TIP_913|2024-07-27	2024-07-27	2024.569672
TIP_446|2024-07-18	2024-07-18	2024.545082
NODE_0000107	2024-06-27	2024.487726
TIP_794|2024-07-23	2024-07-23	2024.558743
NODE_0000108	2024-06-30	2024.496168
TIP_842|2024-07-11	2024-07-11	2024.525956
NODE_0000109	2024-06-30	2024.496168
TIP_935|2024-07-29	2024-07-29	2024.575137
NODE_0000110	2024-07-11	2024.525620
TIP_957|2024-07-30	2024-07-30	2024.577869
TIP_929|2024-07-29	2024-07-29	2024.575137
NODE_0000111	2023-11-25	2023.899773
NODE_0000112	2024-01-07	2024.016448
NODE_0000114	2024-01-13	2024.033582
NODE_0000115	2024-01-13	2024.034364
NODE_0000125	2024-01-27	2024.072256
TIP_217|2024-02-09	2024-02-09	2024.107923
TIP_997|2024-01-27	2024-01-27	2024.072404
NODE_0000121	2024-01-13	2024.034364
TIP_404|2024-01-23	2024-01-23	2024.061475
NODE_0000113	2024-01-22	2024.058743
TIP_177|2024-01-22	2024-01-22	2024.058743
NODE_0000123	2024-01-24	2024.063458
TIP_721|2024-01-25	2024-01-25	2024.066940
TIP_167|2024-01-28	2024-01-28	2024.075137
NODE_0000118	2024-01-27	2024.072404
TIP_670|2024-01-27	2024-01-27	2024.072404
NODE_0000119	2024-02-17	2024.130684
TIP_75|2024-04-04	2024-04-04	2024.258197
NODE_0000120	2024-02-24	2024.148907
TIP_440|2024-03-03	2024-03-03	2024.170765
TIP_761|2024-02-24	2024-02-24	2024.148907
NODE_0000127	2024-02-26	2024.153702
TIP_544|2024-03-03	2024-03-03	2024.170765
TIP_950|2024-02-26	2024-02-26	2024.154372
NODE_0000129	2024-01-07	2024.016448
NODE_0000117	2024-02-05	2024.098228
TIP_875|2024-02-20	2024-02-20	2024.137978
TIP_317|2024-02-27	2024-02-27	2024.157104
NODE_0000126	2024-01-13	2024.034278
TIP_771|2024-01-18	2024-01-18	2024.047814
NODE_0000132	2024-01-13	2024.034278
TIP_457|2024-02-08	2024-02-08	2024.105191
NODE_0000128	2024-03-10	2024.190878
TIP_934|2024-03-30	2024-03-30	2024.244536
NODE_0000134	2024-03-11	2024.191706
TIP_862|2024-03-16	2024-03-16	2024.206284
NODE_0000130	2024-03-23	2024.225410
TIP_876|2024-03-23	2024-03-23	2024.225410
NODE_0000136	2024-03-25	2024.232138
TIP_153|2024-04-06	2024-04-06	2024.263661
NODE_0000137	2024-04-14	2024.284155
TIP_461|2024-05-05	2024-05-05	2024.342896
NODE_0000133	2024-04-28	2024.324786
TIP_633|2024-05-06	2024-05-06	2024.345628
TIP_725|2024-05-03	2024-05-03	2024.337432
NODE_0000135	2024-05-08	2024.351093
TIP_808|2024-05-13	2024-05-13	2024.364754
TIP_389|2024-05-08	2024-05-08	2024.351093
NODE_0000140	2024-05-03	2024.336889
TIP_735|2024-05-19	2024-05-19	2024.381148
NODE_0000141	2024-05-26	2024.401201
TIP_727|2024-05-28	2024-05-28	2024.405738
NODE_0000142	2024-05-26	2024.401201
NODE_0000146	2024-06-27	2024.487163
NODE_0000149	2024-07-06	2024.511328
TIP_202|2024-07-22	2024-07-22	2024.556011
TIP_225|2024-07-23	2024-07-23	2024.558743
NODE_0000145	2024-06-27	2024.487163
TIP_942|2024-07-19	2024-07-19	2024.547814
NODE_0000147	2024-06-27	2024.487163
TIP_887|2024-07-14	2024-07-14	2024.534153
TIP_163|2024-07-14	2024-07-14	2024.534153
NODE_0000148	2024-06-09	2024.438525
TIP_657|2024-06-09	2024-06-09	2024.438525
NODE_0000152	2024-06-13	2024.448678
TIP_172|2024-06-13	2024-06-13	2024.449454
NODE_0000138	2024-06-18	2024.464164
NODE_0000139	2024-06-30	2024.495902
TIP_820|2024-06-30	2024-06-30	2024.495902
TIP_765|2024-07-09	2024-07-09	2024.520492
NODE_0000156	2024-06-27	2024.487847
TIP_385|2024-07-24	2024-07-24	2024.561475
TIP_27|2024-06-30	2024-06-30	2024.495902
NODE_0000150	2024-05-02	2024.336000
TIP_888|2024-05-03	2024-05-03	2024.337432
NODE_0000151	2024-05-15	2024.370468
TIP_824|2024-07-14	2024-07-14	2024.534153
TIP_286|2024-05-19	2024-05-19	2024.381148
NODE_0000153	2024-05-11	2024.359290
TIP_872|2024-05-11	2024-05-11	2024.359290
NODE_0000154	2024-06-12	2024.447369
NODE_0000155	2024-06-20	2024.469765
NODE_0000159	2024-06-30	2024.496276
TIP_216|2024-07-26	2024-07-26	2024.566940
NODE_0000166	2024-07-04	2024.505743
TIP_1000|2024-07-24	2024-07-24	2024.561475
TIP_807|2024-07-14	2024-07-14	2024.534153
NODE_0000168	2024-06-20	2024.469765
NODE_0000178	2024-06-27	2024.488318
TIP_939|2024-07-20	2024-07-20	2024.550546
TIP_359|2024-07-15	2024-07-15	2024.536885
NODE_0000158	2024-07-04	2024.505483
TIP_640|2024-07-21	2024-07-21	2024.553279
TIP_642|2024-07-13	2024-07-13	2024.531421
NODE_0000165	2024-06-12	2024.447369
NODE_0000162	2024-06-27	2024.487705
TIP_424|2024-06-27	2024-06-27	2024.487705
NODE_0000167	2024-06-27	2024.488109
TIP_69|2024-06-28	2024-06-28	2024.490437
TIP_422|2024-07-03	2024-07-03	2024.504098
NODE_0000164	2024-06-17	2024.460383
TIP_762|2024-06-17	2024-06-17	2024.460383
NODE_0000169	2024-06-26	2024.484780
TIP_414|2024-07-21	2024-07-21	2024.553279
NODE_0000173	2024-06-26	2024.485275
TIP_865|2024-07-16	2024-07-16	2024.539617
NODE_0000174	2024-06-26	2024.485275
TIP_3|2024-07-20	2024-07-20	2024.550546
NODE_0000176	2024-06-27	2024.486990
TIP_118|2024-07-22	2024-07-22	2024.556011
NODE_0000177	2024-06-27	2024.486990
TIP_206|2024-07-30	2024-07-30	2024.577869
TIP_364|2024-07-24	2024-07-24	2024.561475
NODE_0000170	2023-12-02	2023.918694
TIP_641|2024-01-01	2024-01-01	2024.001366
NODE_0000179	2023-12-02	2023.918730
NODE_0000171	2024-01-05	2024.012295
TIP_212|2024-01-05	2024-01-05	2024.012295
NODE_0000172	2024-01-09	2024.023224
TIP_621|2024-01-16	2024-01-16	2024.042350
TIP_7|2024-01-09	2024-01-09	2024.023224
NODE_0000182	2023-12-02	2023.918730
TIP_806|2024-01-01	2024-01-01	2024.001366
NODE_0000175	2024-01-03	2024.006831
TIP_405|2024-01-03	2024-01-03	2024.006831
NODE_0000185	2024-01-20	2024.054053
NODE_0000186	2024-01-28	2024.075282
TIP_715|2024-02-25	2024-02-25	2024.151639
NODE_0000187	2024-02-04	2024.094758
NODE_0000190	2024-02-16	2024.128187
NODE_0000192	2024-02-17	2024.129781
TIP_85|2024-02-23	2024-02-23	2024.146175
TIP_989|2024-02-17	2024-02-17	2024.129781
NODE_0000193	2024-02-17	2024.130212
NODE_0000194	2024-02-17	2024.130261
TIP_186|2024-02-21	2024-02-21	2024.140710
TIP_306|2024-02-25	2024-02-25	2024.151639
NODE_0000196	2024-03-12	2024.194158
TIP_708|2024-03-22	2024-03-22	2024.222678
TIP_232|2024-03-12	2024-03-12	2024.195355
NODE_0000214	2024-03-15	2024.203233
NODE_0000201	2024-03-25	2024.232123
TIP_90|2024-04-02	2024-04-02	2024.252732
TIP_546|2024-03-30	2024-03-30	2024.244536
NODE_0000197	2024-03-15	2024.203249
TIP_72|2024-03-27	2024-03-27	2024.236339
NODE_0000198	2024-03-16	2024.205522
TIP_402|2024-03-28	2024-03-28	2024.239071
TIP_532|2024-04-02	2024-04-02	2024.252732
NODE_0000199	2024-02-05	2024.098259
NODE_0000202	2024-03-03	2024.169876
NODE_0000203	2024-03-07	2024.181694
TIP_198|2024-03-07	2024-03-07	2024.181694
NODE_0000204	2024-03-07	2024.181694
TIP_918|2024-03-10	2024-03-10	2024.189891
NODE_0000205	2024-03-12	2024.195355
TIP_283|2024-03-12	2024-03-12	2024.195355
TIP_224|2024-03-31	2024-03-31	2024.247268
NODE_0000206	2024-03-22	2024.222678
TIP_651|2024-03-22	2024-03-22	2024.222678
NODE_0000207	2024-04-25	2024.315574
TIP_561|2024-04-25	2024-04-25	2024.315574
NODE_0000208	2024-05-22	2024.389087
TIP_43|2024-05-26	2024-05-26	2024.400273
TIP_745|2024-05-29	2024-05-29	2024.408470
NODE_0000210	2024-02-05	2024.098259
TIP_505|2024-02-08	2024-02-08	2024.105191
NODE_0000211	2024-02-17	2024.128952
TIP_778|2024-02-25	2024-02-25	2024.151639
NODE_0000212	2024-02-18	2024.131707
TIP_938|2024-02-24	2024-02-24	2024.148907
NODE_0000184	2024-03-22	2024.222678
TIP_383|2024-03-28	2024-03-28	2024.239071
TIP_528|2024-03-24	2024-03-24	2024.228142
TIP_454|2024-03-22	2024-03-22	2024.222678
NODE_0000188	2024-05-05	2024.341873
TIP_788|2024-05-11	2024-05-11	2024.359290
TIP_586|2024-05-05	2024-05-05	2024.342896
NODE_0000189	2024-04-01	2024.250000
TIP_50|2024-04-02	2024-04-02	2024.252732
TIP_758|2024-04-01	2024-04-01	2024.250000
NODE_0000191	2024-04-11	2024.277322
TIP_849|2024-04-11	2024-04-11	2024.277322
NODE_0000233	2024-04-14	2024.284158
TIP_615|2024-04-21	2024-04-21	2024.304645
TIP_819|2024-05-05	2024-05-05	2024.342896
NODE_0000209	2024-02-06	2024.100806
NODE_0000213	2024-02-10	2024.111237
TIP_372|2024-02-20	2024-02-20	2024.137978
TIP_864|2024-02-16	2024-02-16	2024.127049
NODE_0000219	2024-02-10	2024.111237
TIP_949|2024-02-22	2024-02-22	2024.143443
TIP_592|2024-02-24	2024-02-24	2024.148907
NODE_0000240	2024-02-17	2024.129462
NODE_0000224	2024-03-04	2024.172969
TIP_705|2024-03-18	2024-03-18	2024.211749
NODE_0000225	2024-03-10	2024.190285
NODE_0000222	2024-03-11	2024.191404
TIP_98|2024-03-16	2024-03-16	2024.206284
TIP_987|2024-03-28	2024-03-28	2024.239071
NODE_0000227	2024-03-17	2024.208611
TIP_855|2024-03-31	2024-03-31	2024.247268
NODE_0000226	2024-03-17	2024.208611
TIP_853|2024-04-22	2024-04-22	2024.307377
NODE_0000229	2024-05-16	2024.371714
TIP_988|2024-05-31	2024-05-31	2024.413934
NODE_0000228	2024-06-02	2024.419399
TIP_110|2024-06-02	2024-06-02	2024.419399
TIP_772|2024-06-17	2024-06-17	2024.460383
NODE_0000249	2024-02-17	2024.129462
TIP_419|2024-02-23	2024-02-23	2024.146175
NODE_0000230	2024-02-17	2024.129462
TIP_245|2024-04-01	2024-04-01	2024.250000
NODE_0000231	2024-02-17	2024.129462
NODE_0000217	2024-02-29	2024.161572
TIP_274|2024-02-29	2024-02-29	2024.162568
NODE_0000218	2024-03-05	2024.176908
TIP_236|2024-03-17	2024-03-17	2024.209016
TIP_61|2024-03-09	2024-03-09	2024.187158
TIP_52|2024-03-06	2024-03-06	2024.178962
NODE_0000234	2024-03-15	2024.202222
TIP_278|2024-03-15	2024-03-15	2024.203552
NODE_0000236	2024-03-17	2024.209016
TIP_25|2024-03-17	2024-03-17	2024.209016
NODE_0000223	2024-04-17	2024.293716
TIP_345|2024-04-17	2024-04-17	2024.293716
TIP_292|2024-04-22	2024-04-22	2024.307377
NODE_0000238	2024-02-26	2024.154372
TIP_548|2024-02-26	2024-02-26	2024.154372
NODE_0000232	2024-03-14	2024.200820
TIP_780|2024-03-14	2024-03-14	2024.200820
NODE_0000262	2024-03-18	2024.211369
TIP_431|2024-03-19	2024-03-19	2024.214481
NODE_0000284	2024-03-18	2024.211369
NODE_0000235	2024-04-14	2024.284367
NODE_0000241	2024-04-22	2024.307628
TIP_88|2024-04-23	2024-04-23	2024.310109
TIP_800|2024-05-07	2024-05-07	2024.348361
NODE_0000237	2024-04-30	2024.329862
TIP_97|2024-05-18	2024-05-18	2024.378415
TIP_732|2024-05-06	2024-05-06	2024.345628
NODE_0000243	2024-04-30	2024.329965
TIP_622|2024-06-14	2024-06-14	2024.452186
NODE_0000239	2024-05-12	2024.362022
TIP_646|2024-05-12	2024-05-12	2024.362022
TIP_518|2024-05-20	2024-05-20	2024.383880
NODE_0000294	2024-05-01	2024.330668
NODE_0000298	2024-05-01	2024.331389
TIP_664|2024-05-12	2024-05-12	2024.362022
TIP_683|2024-05-13	2024-05-13	2024.364754
NODE_0000244	2024-05-15	2024.371467
TIP_928|2024-05-23	2024-05-23	2024.392077
TIP_799|2024-05-19	2024-05-19	2024.381148
NODE_0000246	2024-06-06	2024.429577
TIP_550|2024-06-07	2024-06-07	2024.433060
TIP_120|2024-06-09	2024-06-09	2024.438525
NODE_0000247	2024-04-05	2024.260663
TIP_516|2024-04-06	2024-04-06	2024.263661
NODE_0000248	2024-04-05	2024.260663
NODE_0000255	2024-04-11	2024.277322
TIP_56|2024-04-29	2024-04-29	2024.326503
TIP_304|2024-04-16	2024-04-16	2024.290984
TIP_374|2024-04-11	2024-04-11	2024.277322
NODE_0000250	2024-04-12	2024.280055
TIP_753|2024-04-12	2024-04-12	2024.280055
NODE_0000251	2024-04-25	2024.315574
TIP_487|2024-04-25	2024-04-25	2024.315574
NODE_0000252	2024-05-03	2024.336624
TIP_156|2024-05-26	2024-05-26	2024.400273
NODE_0000253	2024-05-13	2024.364754
TIP_574|2024-05-13	2024-05-13	2024.364754
NODE_0000254	2024-05-15	2024.370901
NODE_0000256	2024-05-17	2024.375683
TIP_253|2024-05-24	2024-05-24	2024.394809
TIP_593|2024-05-17	2024-05-17	2024.375683
NODE_0000257	2024-06-10	2024.441708
NODE_0000263	2024-06-18	2024.463481
TIP_686|2024-06-20	2024-06-20	2024.468579
TIP_249|2024-06-23	2024-06-23	2024.476776
NODE_0000317	2024-06-13	2024.450415
TIP_491|2024-06-30	2024-06-30	2024.495902
NODE_0000335	2024-06-14	2024.452186
TIP_315|2024-06-14	2024-06-14	2024.452186
NODE_0000259	2024-06-19	2024.464849
TIP_868|2024-06-19	2024-06-19	2024.465847
NODE_0000260	2024-06-20	2024.468951
NODE_0000261	2024-06-21	2024.470828
TIP_834|2024-07-16	2024-07-16	2024.539617
TIP_881|2024-07-03	2024-07-03	2024.504098
NODE_0000264	2024-06-27	2024.487961
NODE_0000267	2024-07-07	2024.515717
TIP_458|2024-07-29	2024-07-29	2024.575137
TIP_18|2024-07-20	2024-07-20	2024.550546
NODE_0000265	2024-06-27	2024.487961
TIP_159|2024-07-19	2024-07-19	2024.547814
NODE_0000266	2024-06-27	2024.487961
TIP_318|2024-07-27	2024-07-27	2024.569672
TIP_557|2024-07-30	2024-07-30	2024.577869
NODE_0000268	2022-09-26	2022.734408
NODE_0000269	2023-11-01	2023.833317
TIP_162|2024-01-08	2024-01-08	2024.020492
NODE_0000270	2023-11-20	2023.884937
NODE_0000271	2023-12-18	2023.961834
TIP_219|2024-01-03	2024-01-03	2024.006831
TIP_287|2024-01-10	2024-01-10	2024.025956
NODE_0000272	2023-12-10	2023.941039
NODE_0000273	2023-12-28	2023.991033
NODE_0000274	2024-01-04	2024.008363
TIP_291|2024-01-04	2024-01-04	2024.009563
NODE_0000275	2024-01-04	2024.008363
TIP_166|2024-01-14	2024-01-14	2024.036885
NODE_0000276	2024-01-28	2024.075927
TIP_108|2024-01-31	2024-01-31	2024.083333
NODE_0000277	2024-01-28	2024.075927
TIP_595|2024-02-02	2024-02-02	2024.088798
TIP_782|2024-02-26	2024-02-26	2024.154372
NODE_0000278	2024-01-16	2024.042350
TIP_48|2024-01-16	2024-01-16	2024.042350
NODE_0000279	2024-01-18	2024.048831
NODE_0000280	2024-03-01	2024.165301
TIP_669|2024-03-01	2024-03-01	2024.165301
NODE_0000281	2024-03-15	2024.203216
TIP_648|2024-04-03	2024-04-03	2024.255464
NODE_0000282	2024-03-25	2024.231354
TIP_760|2024-03-29	2024-03-29	2024.241803
TIP_775|2024-04-01	2024-04-01	2024.250000
NODE_0000283	2024-01-29	2024.076873
TIP_247|2024-01-31	2024-01-31	2024.083333
NODE_0000360	2024-01-29	2024.076873
TIP_338|2024-02-11	2024-02-11	2024.113388
NODE_0000363	2024-01-29	2024.077096
TIP_229|2024-02-29	2024-02-29	2024.162568
NODE_0000288	2024-02-11	2024.114342
TIP_348|2024-02-21	2024-02-21	2024.140710
NODE_0000285	2024-02-11	2024.114342
TIP_251|2024-02-18	2024-02-18	2024.132514
TIP_917|2024-02-24	2024-02-24	2024.148907
NODE_0000286	2024-01-29	2024.076873
TIP_811|2024-03-23	2024-03-23	2024.225410
NODE_0000290	2024-02-17	2024.130234
TIP_289|2024-04-07	2024-04-07	2024.266393
NODE_0000291	2024-02-28	2024.159836
TIP_254|2024-02-28	2024-02-28	2024.159836
NODE_0000289	2024-03-04	2024.173607
NODE_0000292	2024-03-04	2024.174049
TIP_333|2024-03-19	2024-03-19	2024.214481
NODE_0000293	2024-03-04	2024.174049
TIP_41|2024-04-01	2024-04-01	2024.250000
TIP_265|2024-03-27	2024-03-27	2024.236339
NODE_0000295	2024-03-22	2024.222678
TIP_908|2024-03-22	2024-03-22	2024.222678
NODE_0000296	2024-03-27	2024.236339
TIP_836|2024-03-27	2024-03-27	2024.236339
TIP_540|2024-04-15	2024-04-15	2024.288251
NODE_0000297	2024-01-03	2024.007828
NODE_0000300	2024-01-07	2024.017009
TIP_346|2024-01-15	2024-01-15	2024.039617
TIP_852|2024-01-14	2024-01-14	2024.036885
TIP_476|2024-01-12	2024-01-12	2024.031421
TIP_792|2024-01-08	2024-01-08	2024.020492
NODE_0000302	2024-01-20	2024.053279
TIP_178|2024-01-24	2024-01-24	2024.064208
TIP_360|2024-01-20	2024-01-20	2024.053279
NODE_0000301	2024-01-29	2024.076617
NODE_0000303	2024-02-03	2024.091932
NODE_0000304	2024-02-04	2024.094262
TIP_910|2024-02-04	2024-02-04	2024.094262
TIP_35|2024-02-21	2024-02-21	2024.140710
NODE_0000305	2024-02-18	2024.132242
TIP_124|2024-02-23	2024-02-23	2024.146175
NODE_0000308	2024-03-29	2024.240557
TIP_930|2024-03-29	2024-03-29	2024.241803
NODE_0000383	2024-03-29	2024.240557
TIP_610|2024-04-03	2024-04-03	2024.255464
NODE_0000310	2024-04-25	2024.315574
TIP_692|2024-04-25	2024-04-25	2024.315574
TIP_848|2024-04-25	2024-04-25	2024.315574
NODE_0000309	2024-01-29	2024.076617
TIP_170|2024-02-12	2024-02-12	2024.116120
NODE_0000311	2024-02-10	2024.111997
TIP_59|2024-02-15	2024-02-15	2024.124317
NODE_0000312	2024-02-26	2024.153798
TIP_713|2024-02-26	2024-02-26	2024.154372
NODE_0000313	2024-03-01	2024.165301
TIP_506|2024-03-01	2024-03-01	2024.165301
NODE_0000314	2024-03-14	2024.202133
NODE_0000315	2024-03-14	2024.202133
TIP_898|2024-04-11	2024-04-11	2024.277322
NODE_0000316	2024-03-29	2024.240872
TIP_195|2024-03-29	2024-03-29	2024.241803
NODE_0000395	2024-03-29	2024.240889
NODE_0000319	2024-04-13	2024.284015
TIP_549|2024-05-04	2024-05-04	2024.340164
TIP_407|2024-04-30	2024-04-30	2024.329235
NODE_0000318	2024-04-02	2024.252582
TIP_729|2024-04-15	2024-04-15	2024.288251
TIP_861|2024-04-03	2024-04-03	2024.255464
NODE_0000320	2024-04-13	2024.283953
TIP_420|2024-04-30	2024-04-30	2024.329235
NODE_0000321	2024-04-26	2024.319513
NODE_0000322	2024-04-26	2024.319513
TIP_452|2024-05-06	2024-05-06	2024.345628
NODE_0000323	2024-06-08	2024.435737
TIP_352|2024-06-14	2024-06-14	2024.452186
NODE_0000324	2024-06-18	2024.464092
TIP_218|2024-06-25	2024-06-25	2024.482240
NODE_0000325	2024-06-26	2024.484973
TIP_871|2024-06-29	2024-06-29	2024.493169
TIP_482|2024-06-26	2024-06-26	2024.484973
NODE_0000326	2024-05-02	2024.335872
TIP_982|2024-05-05	2024-05-05	2024.342896
NODE_0000327	2024-05-02	2024.335872
TIP_171|2024-05-12	2024-05-12	2024.362022
NODE_0000328	2024-06-02	2024.419696
TIP_244|2024-06-03	2024-06-03	2024.422131
NODE_0000329	2024-06-02	2024.419696
NODE_0000330	2024-06-05	2024.426908
TIP_757|2024-06-08	2024-06-08	2024.435792
NODE_0000331	2024-06-05	2024.427173
TIP_991|2024-07-12	2024-07-12	2024.528689
NODE_0000332	2024-06-27	2024.487328
TIP_542|2024-07-10	2024-07-10	2024.523224
TIP_663|2024-06-30	2024-06-30	2024.495902
NODE_0000333	2024-06-08	2024.435792
TIP_733|2024-06-08	2024-06-08	2024.435792
NODE_0000334	2024-06-26	2024.484973
TIP_271|2024-06-26	2024-06-26	2024.484973
NODE_0000423	2024-06-27	2024.487963
TIP_925|2024-07-01	2024-07-01	2024.498634
NODE_0000424	2024-06-27	2024.487963
TIP_474|2024-07-11	2024-07-11	2024.525956
TIP_46|2024-07-07	2024-07-07	2024.515027
NODE_0000337	2022-10-22	2022.805744
NODE_0000338	2023-04-06	2023.261889
NODE_0000339	2023-10-03	2023.755344
NODE_0000340	2023-11-20	2023.886202
TIP_33|2024-01-03	2024-01-03	2024.006831
NODE_0000341	2024-01-01	2024.001366
TIP_250|2024-01-01	2024-01-01	2024.001366
NODE_0000342	2024-01-01	2024.001366
TIP_481|2024-01-20	2024-01-20	2024.053279
NODE_0000343	2024-01-01	2024.002010
TIP_339|2024-01-20	2024-01-20	2024.053279
TIP_931|2024-01-20	2024-01-20	2024.053279
NODE_0000344	2023-12-20	2023.968042
TIP_100|2024-01-10	2024-01-10	2024.025956
NODE_0000345	2024-01-09	2024.022637
TIP_605|2024-01-17	2024-01-17	2024.045082
TIP_362|2024-01-16	2024-01-16	2024.042350
TIP_786|2024-01-14	2024-01-14	2024.036885
NODE_0000346	2024-01-29	2024.077597
TIP_349|2024-01-30	2024-01-30	2024.080601
TIP_847|2024-02-03	2024-02-03	2024.091530
NODE_0000349	2023-11-22	2023.890745
NODE_0000350	2023-12-02	2023.917977
NODE_0000351	2024-01-20	2024.052825
TIP_815|2024-01-22	2024-01-22	2024.058743
TIP_914|2024-01-27	2024-01-27	2024.072404
NODE_0000352	2023-12-28	2023.991072
NODE_0000353	2024-01-28	2024.074910
TIP_248|2024-02-17	2024-02-17	2024.129781
TIP_214|2024-02-04	2024-02-04	2024.094262
TIP_501|2024-02-01	2024-02-01	2024.086066
TIP_655|2024-02-01	2024-02-01	2024.086066
NODE_0000356	2024-01-07	2024.016649
NODE_0000354	2024-01-16	2024.042463
TIP_493|2024-02-15	2024-02-15	2024.124317
TIP_821|2024-01-17	2024-01-17	2024.045082
NODE_0000355	2024-01-07	2024.016649
TIP_617|2024-01-10	2024-01-10	2024.025956
NODE_0000359	2024-01-16	2024.042350
TIP_802|2024-02-05	2024-02-05	2024.096995
TIP_294|2024-01-25	2024-01-25	2024.066940
TIP_340|2024-01-18	2024-01-18	2024.047814
TIP_494|2024-01-16	2024-01-16	2024.042350
NODE_0000445	2024-01-23	2024.061475
TIP_70|2024-01-23	2024-01-23	2024.061475
TIP_285|2024-02-01	2024-02-01	2024.086066
NODE_0000449	2024-01-22	2024.058344
TIP_980|2024-02-01	2024-02-01	2024.086066
NODE_0000357	2024-01-22	2024.060084
TIP_376|2024-02-03	2024-02-03	2024.091530
TIP_556|2024-01-23	2024-01-23	2024.061475
NODE_0000367	2023-12-01	2023.916893
TIP_220|2024-01-08	2024-01-08	2024.020492
NODE_0000368	2023-12-23	2023.978079
NODE_0000418	2024-01-02	2024.004098
TIP_879|2024-01-24	2024-01-24	2024.064208
TIP_830|2024-01-02	2024-01-02	2024.004098
NODE_0000361	2023-12-23	2023.978079
TIP_433|2024-01-08	2024-01-08	2024.020492
NODE_0000362	2023-12-23	2023.978079
NODE_0000369	2024-01-25	2024.066189
TIP_496|2024-02-25	2024-02-25	2024.151639
TIP_241|2024-01-28	2024-01-28	2024.075137
TIP_804|2024-01-26	2024-01-26	2024.069672
NODE_0000457	2024-02-11	2024.113115
TIP_6|2024-02-15	2024-02-15	2024.124317
NODE_0000364	2024-02-11	2024.113115
TIP_445|2024-02-17	2024-02-17	2024.129781
NODE_0000365	2024-02-11	2024.114394
TIP_226|2024-02-13	2024-02-13	2024.118852
NODE_0000366	2024-02-11	2024.114395
TIP_467|2024-02-26	2024-02-26	2024.154372
NODE_0000376	2024-03-04	2024.173326
TIP_860|2024-03-13	2024-03-13	2024.198087
TIP_71|2024-03-08	2024-03-08	2024.184426
NODE_0000370	2024-03-04	2024.173326
TIP_739|2024-03-25	2024-03-25	2024.230874
TIP_981|2024-03-15	2024-03-15	2024.203552
NODE_0000371	2024-03-04	2024.173326
TIP_114|2024-04-04	2024-04-04	2024.258197
NODE_0000393	2024-03-23	2024.225269
TIP_662|2024-03-30	2024-03-30	2024.244536
NODE_0000394	2024-03-27	2024.236339
TIP_747|2024-04-14	2024-04-14	2024.285519
TIP_423|2024-03-27	2024-03-27	2024.236339
NODE_0000473	2024-03-06	2024.179823
NODE_0000475	2024-03-07	2024.181694
TIP_656|2024-03-07	2024-03-07	2024.181694
NODE_0000374	2024-03-17	2024.208197
NODE_0000375	2024-03-25	2024.231287
TIP_741|2024-03-30	2024-03-30	2024.244536
NODE_0000377	2024-03-25	2024.232240
TIP_637|2024-03-28	2024-03-28	2024.239071
TIP_475|2024-04-16	2024-04-16	2024.290984
NODE_0000378	2024-03-17	2024.209977
TIP_900|2024-03-23	2024-03-23	2024.225410
NODE_0000379	2024-03-18	2024.211749
TIP_417|2024-04-01	2024-04-01	2024.250000
TIP_714|2024-03-18	2024-03-18	2024.211749
NODE_0000483	2024-03-11	2024.191551
NODE_0000386	2024-03-24	2024.228142
TIP_94|2024-04-03	2024-04-03	2024.255464
TIP_672|2024-03-24	2024-03-24	2024.228142
NODE_0000380	2024-03-15	2024.203153
NODE_0000381	2024-03-16	2024.206284
TIP_650|2024-03-16	2024-03-16	2024.206284
TIP_8|2024-03-25	2024-03-25	2024.230874
NODE_0000382	2024-03-15	2024.203191
TIP_895|2024-04-17	2024-04-17	2024.293716
NODE_0000396	2024-03-30	2024.243944
TIP_597|2024-03-30	2024-03-30	2024.244536
NODE_0000489	2024-04-01	2024.251136
NODE_0000384	2024-04-09	2024.271858
TIP_44|2024-04-09	2024-04-09	2024.271858
TIP_653|2024-04-12	2024-04-12	2024.280055
NODE_0000399	2024-04-10	2024.275493
TIP_738|2024-04-24	2024-04-24	2024.312842
NODE_0000400	2024-04-26	2024.317928
NODE_0000387	2024-05-03	2024.336853
TIP_515|2024-05-17	2024-05-17	2024.375683
NODE_0000402	2024-05-15	2024.371322
TIP_86|2024-06-02	2024-06-02	2024.419399
TIP_590|2024-05-23	2024-05-23	2024.392077
NODE_0000403	2024-05-05	2024.342327
TIP_706|2024-05-22	2024-05-22	2024.389344
NODE_0000404	2024-05-27	2024.403418
TIP_470|2024-06-01	2024-06-01	2024.416667
TIP_603|2024-05-28	2024-05-28	2024.405738
NODE_0000405	2024-06-18	2024.463436
TIP_631|2024-06-27	2024-06-27	2024.487705
NODE_0000392	2024-06-18	2024.463436
TIP_613|2024-06-27	2024-06-27	2024.487705
NODE_0000407	2024-06-24	2024.479097
TIP_503|2024-06-29	2024-06-29	2024.493169
NODE_0000408	2024-07-04	2024.507466
TIP_267|2024-07-27	2024-07-27	2024.569672
TIP_924|2024-07-13	2024-07-13	2024.531421
NODE_0000505	2024-06-05	2024.426845
TIP_571|2024-06-06	2024-06-06	2024.430328
NODE_0000412	2024-06-12	2024.447287
TIP_439|2024-07-14	2024-07-14	2024.534153
NODE_0000413	2024-06-21	2024.470398
NODE_0000414	2024-07-08	2024.516747
TIP_194|2024-07-30	2024-07-30	2024.577869
TIP_82|2024-07-24	2024-07-24	2024.561475
NODE_0000398	2024-06-21	2024.470398
TIP_946|2024-07-27	2024-07-27	2024.569672
NODE_0000416	2024-07-05	2024.510521
TIP_343|2024-07-13	2024-07-13	2024.531421
TIP_625|2024-07-24	2024-07-24	2024.561475
NODE_0000420	2024-01-03	2024.008052
NODE_0000401	2024-01-03	2024.008052
TIP_619|2024-02-05	2024-02-05	2024.096995
TIP_563|2024-02-08	2024-02-08	2024.105191
NODE_0000422	2024-01-22	2024.059812
NODE_0000406	2024-01-22	2024.059825
TIP_36|2024-01-29	2024-01-29	2024.077869
NODE_0000409	2024-01-28	2024.075240
TIP_197|2024-03-02	2024-03-02	2024.168033
NODE_0000410	2024-01-28	2024.075240
TIP_818|2024-02-03	2024-02-03	2024.091530
NODE_0000425	2024-02-04	2024.094262
TIP_580|2024-02-04	2024-02-04	2024.094262
NODE_0000415	2024-02-04	2024.095002
TIP_11|2024-02-13	2024-02-13	2024.118852
NODE_0000417	2024-02-12	2024.114804
TIP_488|2024-02-15	2024-02-15	2024.124317
NODE_0000419	2024-02-12	2024.114804
TIP_529|2024-02-17	2024-02-17	2024.129781
TIP_62|2024-02-19	2024-02-19	2024.135246
NODE_0000421	2024-01-22	2024.059854
TIP_58|2024-01-30	2024-01-30	2024.080601
NODE_0000432	2024-02-03	2024.091530
TIP_133|2024-02-03	2024-02-03	2024.091530
NODE_0000433	2024-02-20	2024.138749
TIP_959|2024-03-01	2024-03-01	2024.165301
NODE_0000524	2024-02-21	2024.140958
NODE_0000435	2024-03-14	2024.201254
NODE_0000436	2024-03-25	2024.231977
TIP_927|2024-04-23	2024-04-23	2024.310109
TIP_886|2024-04-02	2024-04-02	2024.252732
NODE_0000426	2024-03-14	2024.201321
TIP_228|2024-04-13	2024-04-13	2024.282787
NODE_0000438	2024-04-08	2024.269126
TIP_173|2024-04-08	2024-04-08	2024.269126
NODE_0000428	2024-04-24	2024.312842
TIP_963|2024-04-24	2024-04-24	2024.312842
NODE_0000440	2024-05-13	2024.364754
TIP_222|2024-05-15	2024-05-15	2024.370219
TIP_273|2024-05-13	2024-05-13	2024.364754
NODE_0000430	2024-05-15	2024.370718
TIP_877|2024-05-23	2024-05-23	2024.392077
NODE_0000431	2024-05-30	2024.411202
TIP_209|2024-06-15	2024-06-15	2024.454918
TIP_332|2024-05-30	2024-05-30	2024.411202
NODE_0000444	2024-03-01	2024.165301
TIP_555|2024-03-01	2024-03-01	2024.165301
NODE_0000448	2024-03-08	2024.184426
TIP_20|2024-03-29	2024-03-29	2024.241803
TIP_277|2024-03-08	2024-03-08	2024.184426
NODE_0000434	2024-03-17	2024.208991
TIP_13|2024-03-24	2024-03-24	2024.228142
NODE_0000437	2024-03-17	2024.208991
NODE_0000439	2024-03-18	2024.210871
TIP_702|2024-03-26	2024-03-26	2024.233607
TIP_81|2024-03-18	2024-03-18	2024.211749
NODE_0000441	2024-03-17	2024.208991
NODE_0000451	2024-03-23	2024.225410
TIP_654|2024-03-23	2024-03-23	2024.225410
NODE_0000453	2024-03-30	2024.243785
TIP_964|2024-03-31	2024-03-31	2024.247268
NODE_0000454	2024-04-07	2024.266393
TIP_140|2024-04-19	2024-04-19	2024.299180
TIP_119|2024-04-07	2024-04-07	2024.266393
NODE_0000455	2024-04-12	2024.280055
TIP_973|2024-04-12	2024-04-12	2024.280055
NODE_0000446	2024-04-20	2024.301913
TIP_956|2024-04-20	2024-04-20	2024.301913
NODE_0000447	2024-04-22	2024.307377
TIP_509|2024-04-22	2024-04-22	2024.307377
TIP_883|2024-05-04	2024-05-04	2024.340164
NODE_0000458	2024-04-13	2024.283683
NODE_0000461	2024-04-19	2024.299608
TIP_135|2024-04-30	2024-04-30	2024.329235
TIP_878|2024-04-23	2024-04-23	2024.310109
NODE_0000450	2024-05-03	2024.336420
TIP_480|2024-05-04	2024-05-04	2024.340164
NODE_0000452	2024-05-03	2024.336420
TIP_856|2024-05-09	2024-05-09	2024.353825
NODE_0000456	2024-05-03	2024.336652
TIP_308|2024-06-06	2024-06-06	2024.430328
NODE_0000466	2024-05-27	2024.403005
TIP_969|2024-05-27	2024-05-27	2024.403005
TIP_312|2024-06-06	2024-06-06	2024.430328
NODE_0000460	2024-04-27	2024.321250
NODE_0000459	2024-05-19	2024.380397
TIP_416|2024-05-20	2024-05-20	2024.383880
TIP_329|2024-05-24	2024-05-24	2024.394809
NODE_0000467	2024-05-27	2024.403734
NODE_0000491	2024-06-03	2024.423304
TIP_355|2024-06-06	2024-06-06	2024.430328
TIP_239|2024-06-05	2024-06-05	2024.427596
NODE_0000563	2024-06-03	2024.422856
NODE_0000493	2024-06-10	2024.441491
TIP_353|2024-06-13	2024-06-13	2024.449454
NODE_0000494	2024-06-27	2024.487499
NODE_0000568	2024-06-27	2024.487991
TIP_158|2024-07-08	2024-07-08	2024.517760
TIP_498|2024-07-07	2024-07-07	2024.515027
NODE_0000471	2024-06-27	2024.488120
TIP_719|2024-07-15	2024-07-15	2024.536885
TIP_522|2024-07-23	2024-07-23	2024.558743
NODE_0000472	2024-06-04	2024.425550
NODE_0000468	2024-06-18	2024.463115
TIP_966|2024-06-18	2024-06-18	2024.463115
NODE_0000469	2024-06-24	2024.478554
TIP_325|2024-07-06	2024-07-06	2024.512295
NODE_0000470	2024-06-27	2024.487139
NODE_0000574	2024-06-27	2024.487139
TIP_430|2024-07-13	2024-07-13	2024.531421
NODE_0000577	2024-06-27	2024.487139
TIP_264|2024-07-28	2024-07-28	2024.572404
TIP_968|2024-07-24	2024-07-24	2024.561475
NODE_0000476	2024-06-27	2024.487639
TIP_626|2024-07-26	2024-07-26	2024.566940
NODE_0000474	2024-07-04	2024.507832
TIP_587|2024-07-23	2024-07-23	2024.558743
NODE_0000585	2024-07-05	2024.508551
TIP_728|2024-07-29	2024-07-29	2024.575137
NODE_0000593	2024-07-05	2024.508551
TIP_995|2024-07-27	2024-07-27	2024.569672
TIP_136|2024-07-27	2024-07-27	2024.569672
NODE_0000478	2024-06-05	2024.427319
NODE_0000490	2024-07-05	2024.510249
TIP_330|2024-07-06	2024-07-06	2024.512295
TIP_473|2024-07-18	2024-07-18	2024.545082
NODE_0000481	2024-06-05	2024.427319
TIP_12|2024-06-06	2024-06-06	2024.430328
NODE_0000482	2024-06-05	2024.427319
NODE_0000497	2024-06-20	2024.468993
TIP_17|2024-07-06	2024-07-06	2024.512295
NODE_0000484	2024-06-20	2024.468993
TIP_674|2024-06-29	2024-06-29	2024.493169
NODE_0000499	2024-06-29	2024.494132
NODE_0000501	2024-07-07	2024.515986
TIP_104|2024-07-16	2024-07-16	2024.539617
TIP_837|2024-07-15	2024-07-15	2024.536885
NODE_0000487	2024-06-29	2024.494132
TIP_102|2024-07-14	2024-07-14	2024.534153
TIP_164|2024-07-27	2024-07-27	2024.569672
NODE_0000479	2024-06-21	2024.470768
TIP_533|2024-07-01	2024-07-01	2024.498634
TIP_127|2024-06-21	2024-06-21	2024.471311
NODE_0000480	2024-07-02	2024.501366
TIP_492|2024-07-02	2024-07-02	2024.501366
NODE_0000495	2024-07-02	2024.502624
TIP_477|2024-07-07	2024-07-07	2024.515027
NODE_0000496	2024-07-05	2024.508204
TIP_996|2024-07-21	2024-07-21	2024.553279
TIP_627|2024-07-30	2024-07-30	2024.577869
NODE_0000485	2024-06-27	2024.486984
TIP_410|2024-07-25	2024-07-25	2024.564208
NODE_0000486	2024-07-05	2024.508414
TIP_736|2024-07-16	2024-07-16	2024.539617
NODE_0000492	2024-07-05	2024.508675
TIP_22|2024-07-27	2024-07-27	2024.569672
TIP_907|2024-07-24	2024-07-24	2024.561475
NODE_0000502	2024-02-06	2024.099727
TIP_616|2024-02-06	2024-02-06	2024.099727
NODE_0000498	2024-02-17	2024.128993
NODE_0000618	2024-02-23	2024.146146
NODE_0000500	2024-02-26	2024.153494
NODE_0000621	2024-03-07	2024.182416
TIP_203|2024-03-13	2024-03-13	2024.198087
TIP_128|2024-03-08	2024-03-08	2024.184426
NODE_0000622	2024-03-15	2024.202862
TIP_541|2024-04-07	2024-04-07	2024.266393
TIP_514|2024-04-17	2024-04-17	2024.293716
NODE_0000504	2024-02-23	2024.146146
NODE_0000624	2024-02-25	2024.152992
TIP_634|2024-02-29	2024-02-29	2024.162568
TIP_485|2024-02-27	2024-02-27	2024.157104
NODE_0000507	2024-02-26	2024.153361
TIP_620|2024-03-19	2024-03-19	2024.214481
NODE_0000625	2024-04-04	2024.257877
NODE_0000620	2024-04-12	2024.280055
TIP_885|2024-04-12	2024-04-12	2024.280055
NODE_0000626	2024-04-20	2024.303127
TIP_835|2024-04-25	2024-04-25	2024.315574
NODE_0000628	2024-04-27	2024.322176
NODE_0000629	2024-05-23	2024.392077
TIP_211|2024-06-24	2024-06-24	2024.479508
TIP_645|2024-05-23	2024-05-23	2024.392077
NODE_0000511	2024-04-28	2024.323770
TIP_397|2024-05-01	2024-05-01	2024.331967
TIP_67|2024-04-28	2024-04-28	2024.323770
NODE_0000631	2024-04-13	2024.283960
TIP_450|2024-04-16	2024-04-16	2024.290984
NODE_0000632	2024-04-24	2024.312842
TIP_122|2024-04-24	2024-04-24	2024.312842
NODE_0000514	2024-05-03	2024.336918
TIP_379|2024-05-07	2024-05-07	2024.348361
TIP_568|2024-05-16	2024-05-16	2024.372951
NODE_0000515	2024-04-30	2024.330401
TIP_371|2024-05-17	2024-05-17	2024.375683
NODE_0000637	2024-06-01	2024.416667
TIP_947|2024-06-22	2024-06-22	2024.474044
TIP_105|2024-06-01	2024-06-01	2024.416667
NODE_0000638	2024-05-21	2024.385278
NODE_0000639	2024-06-13	2024.449454
TIP_390|2024-06-13	2024-06-13	2024.449454
TIP_77|2024-06-19	2024-06-19	2024.465847
NODE_0000640	2024-06-18	2024.463727
TIP_191|2024-06-24	2024-06-24	2024.479508
NODE_0000523	2024-06-18	2024.464079
TIP_972|2024-07-05	2024-07-05	2024.509563
TIP_368|2024-07-11	2024-07-11	2024.525956
NODE_0000643	2024-06-27	2024.487680
TIP_874|2024-06-27	2024-06-27	2024.487705
NODE_0000642	2024-06-27	2024.487680
TIP_31|2024-07-06	2024-07-06	2024.512295
NODE_0000525	2024-06-27	2024.487912
TIP_39|2024-07-06	2024-07-06	2024.512295
NODE_0000526	2024-06-27	2024.488524
TIP_413|2024-07-12	2024-07-12	2024.528689
TIP_443|2024-07-05	2024-07-05	2024.509563
NODE_0000527	2024-02-28	2024.159990
NODE_0000516	2024-03-25	2024.231115
TIP_850|2024-04-19	2024-04-19	2024.299180
NODE_0000517	2024-04-26	2024.319559
TIP_570|2024-04-28	2024-04-28	2024.323770
TIP_737|2024-05-01	2024-05-01	2024.331967
NODE_0000530	2024-03-04	2024.172740
NODE_0000583	2024-03-15	2024.202891
NODE_0000532	2024-03-15	2024.202891
TIP_129|2024-03-25	2024-03-25	2024.230874
NODE_0000586	2024-04-01	2024.249728
NODE_0000534	2024-04-01	2024.250571
TIP_113|2024-04-11	2024-04-11	2024.277322
TIP_869|2024-04-26	2024-04-26	2024.318306
NODE_0000653	2024-04-01	2024.249728
TIP_825|2024-04-06	2024-04-06	2024.263661
NODE_0000589	2024-04-05	2024.260929
TIP_560|2024-04-17	2024-04-17	2024.293716
TIP_884|2024-04-05	2024-04-05	2024.260929
NODE_0000536	2024-03-25	2024.231570
TIP_57|2024-04-03	2024-04-03	2024.255464
NODE_0000537	2024-03-25	2024.232133
TIP_795|2024-04-26	2024-04-26	2024.318306
NODE_0000591	2024-03-29	2024.241407
TIP_994|2024-04-20	2024-04-20	2024.301913
TIP_502|2024-04-10	2024-04-10	2024.274590
TIP_76|2024-03-30	2024-03-30	2024.244536
NODE_0000541	2024-03-30	2024.243987
TIP_63|2024-04-21	2024-04-21	2024.304645
NODE_0000596	2024-04-22	2024.307790
TIP_388|2024-04-27	2024-04-27	2024.321038
TIP_126|2024-04-28	2024-04-28	2024.323770
NODE_0000597	2024-04-05	2024.260929
TIP_538|2024-04-05	2024-04-05	2024.260929
NODE_0000662	2024-04-15	2024.287120
NODE_0000545	2024-04-17	2024.292983
TIP_456|2024-04-17	2024-04-17	2024.293716
TIP_143|2024-04-18	2024-04-18	2024.296448
NODE_0000664	2024-04-26	2024.318306
TIP_589|2024-04-26	2024-04-26	2024.318306
NODE_0000598	2024-05-18	2024.379594
TIP_131|2024-06-23	2024-06-23	2024.476776
TIP_421|2024-05-25	2024-05-25	2024.397541
NODE_0000546	2024-03-04	2024.172740
NODE_0000518	2024-04-01	2024.249486
TIP_547|2024-04-14	2024-04-14	2024.285519
NODE_0000519	2024-05-10	2024.357250
TIP_106|2024-05-11	2024-05-11	2024.359290
NODE_0000520	2024-05-27	2024.403005
TIP_155|2024-05-27	2024-05-27	2024.403005
NODE_0000551	2024-05-27	2024.403005
NODE_0000521	2024-05-31	2024.413934
TIP_438|2024-05-31	2024-05-31	2024.413934
NODE_0000522	2024-06-06	2024.430056
TIP_499|2024-06-11	2024-06-11	2024.443989
TIP_730|2024-06-06	2024-06-06	2024.430328
NODE_0000554	2024-06-19	2024.465018
TIP_684|2024-06-27	2024-06-27	2024.487705
NODE_0000557	2024-06-20	2024.469937
TIP_534|2024-06-23	2024-06-23	2024.476776
NODE_0000559	2024-06-20	2024.469937
TIP_952|2024-06-24	2024-06-24	2024.479508
TIP_255|2024-06-23	2024-06-23	2024.476776
NODE_0000562	2024-03-04	2024.173772
NODE_0000603	2024-03-26	2024.233794
NODE_0000604	2024-04-13	2024.283888
TIP_596|2024-06-12	2024-06-12	2024.446721
TIP_447|2024-06-01	2024-06-01	2024.416667
NODE_0000605	2024-05-15	2024.371135
NODE_0000566	2024-05-18	2024.379752
TIP_530|2024-05-19	2024-05-19	2024.381148
NODE_0000567	2024-05-18	2024.379752
TIP_83|2024-05-28	2024-05-28	2024.405738
TIP_746|2024-05-22	2024-05-22	2024.389344
NODE_0000699	2024-05-15	2024.371135
TIP_787|2024-05-26	2024-05-26	2024.400273
NODE_0000609	2024-06-05	2024.426479
NODE_0000570	2024-06-05	2024.427120
TIP_297|2024-06-15	2024-06-15	2024.454918
NODE_0000571	2024-06-05	2024.427120
TIP_507|2024-07-13	2024-07-13	2024.531421
TIP_235|2024-07-07	2024-07-07	2024.515027
NODE_0000612	2024-06-15	2024.453572
TIP_944|2024-06-28	2024-06-28	2024.490437
NODE_0000613	2024-06-21	2024.470857
TIP_679|2024-06-28	2024-06-28	2024.490437
TIP_10|2024-06-27	2024-06-27	2024.487705
NODE_0000615	2024-06-19	2024.464794
TIP_369|2024-06-19	2024-06-19	2024.465847
NODE_0000576	2024-06-19	2024.464794
TIP_915|2024-07-01	2024-07-01	2024.498634
NODE_0000617	2024-06-23	2024.476063
TIP_985|2024-07-28	2024-07-28	2024.572404
TIP_638|2024-07-01	2024-07-01	2024.498634
NODE_0000578	2024-03-04	2024.173772
NODE_0000529	2024-03-11	2024.193186
TIP_320|2024-03-23	2024-03-23	2024.225410
NODE_0000714	2024-03-11	2024.193297
TIP_500|2024-03-17	2024-03-17	2024.209016
TIP_366|2024-03-20	2024-03-20	2024.217213
NODE_0000580	2024-03-04	2024.173772
TIP_307|2024-03-22	2024-03-22	2024.222678
NODE_0000581	2024-03-15	2024.202334
NODE_0000582	2024-03-24	2024.226856
NODE_0000584	2024-03-25	2024.230470
NODE_0000503	2024-04-15	2024.287032
TIP_434|2024-04-15	2024-04-15	2024.288251
TIP_411|2024-04-20	2024-04-20	2024.301913
NODE_0000587	2024-03-25	2024.231167
TIP_711|2024-03-26	2024-03-26	2024.233607
NODE_0000588	2024-03-25	2024.231167
TIP_125|2024-04-04	2024-04-04	2024.258197
TIP_697|2024-04-01	2024-04-01	2024.250000
NODE_0000590	2024-03-24	2024.228455
NODE_0000592	2024-03-26	2024.234908
TIP_783|2024-04-09	2024-04-09	2024.271858
NODE_0000538	2024-05-08	2024.351507
TIP_157|2024-05-24	2024-05-24	2024.394809
NODE_0000539	2024-05-15	2024.370219
TIP_827|2024-05-15	2024-05-15	2024.370219
TIP_281|2024-05-17	2024-05-17	2024.375683
NODE_0000595	2024-03-25	2024.230874
TIP_744|2024-03-25	2024-03-25	2024.230874
NODE_0000506	2024-04-05	2024.260929
TIP_144|2024-04-05	2024-04-05	2024.260929
NODE_0000729	2024-04-26	2024.318329
TIP_940|2024-04-28	2024-04-28	2024.323770
NODE_0000508	2024-05-08	2024.351093
TIP_490|2024-05-08	2024-05-08	2024.351093
NODE_0000509	2024-05-24	2024.394809
TIP_831|2024-05-24	2024-05-24	2024.394809
TIP_121|2024-05-24	2024-05-24	2024.394809
NODE_0000599	2024-03-15	2024.202334
NODE_0000600	2024-03-15	2024.202343
NODE_0000513	2024-03-23	2024.225410
TIP_678|2024-03-31	2024-03-31	2024.247268
TIP_838|2024-03-23	2024-03-23	2024.225410
NODE_0000602	2024-03-26	2024.233607
TIP_882|2024-03-26	2024-03-26	2024.233607
NODE_0000606	2024-03-27	2024.235218
TIP_169|2024-04-06	2024-04-06	2024.263661
TIP_880|2024-03-27	2024-03-27	2024.236339
NODE_0000540	2024-03-26	2024.233883
NODE_0000542	2024-04-10	2024.274749
NODE_0000743	2024-04-10	2024.274849
TIP_112|2024-04-12	2024-04-12	2024.280055
TIP_55|2024-04-20	2024-04-20	2024.301913
NODE_0000610	2024-04-14	2024.284587
TIP_93|2024-05-11	2024-05-11	2024.359290
NODE_0000611	2024-04-15	2024.287449
TIP_566|2024-04-30	2024-04-30	2024.329235
NODE_0000614	2024-04-28	2024.324780
TIP_141|2024-05-13	2024-05-13	2024.364754
NODE_0000547	2024-05-26	2024.400949
TIP_137|2024-06-07	2024-06-07	2024.433060
TIP_37|2024-05-27	2024-05-27	2024.403005
NODE_0000549	2024-06-13	2024.448703
TIP_854|2024-06-14	2024-06-14	2024.452186
TIP_826|2024-06-28	2024-06-28	2024.490437
NODE_0000619	2024-04-01	2024.250000
TIP_324|2024-04-01	2024-04-01	2024.250000
NODE_0000550	2024-04-13	2024.283647
TIP_671|2024-04-18	2024-04-18	2024.296448
NODE_0000752	2024-04-14	2024.284452
TIP_614|2024-04-29	2024-04-29	2024.326503
TIP_78|2024-04-24	2024-04-24	2024.312842
NODE_0000623	2024-04-15	2024.287016
NODE_0000627	2024-04-20	2024.301913
TIP_290|2024-04-20	2024-04-20	2024.301913
TIP_710|2024-05-01	2024-05-01	2024.331967
NODE_0000555	2024-05-02	2024.334728
NODE_0000556	2024-05-15	2024.370743
TIP_246|2024-05-28	2024-05-28	2024.405738
NODE_0000560	2024-05-26	2024.400273
TIP_829|2024-06-11	2024-06-11	2024.443989
TIP_581|2024-05-26	2024-05-26	2024.400273
NODE_0000633	2024-05-15	2024.370835
NODE_0000558	2024-06-08	2024.435792
TIP_536|2024-06-08	2024-06-08	2024.435792
TIP_441|2024-06-08	2024-06-08	2024.435792
NODE_0000561	2024-06-05	2024.427149
TIP_845|2024-06-14	2024-06-14	2024.452186
NODE_0000636	2024-06-05	2024.427632
TIP_703|2024-06-23	2024-06-23	2024.476776
NODE_0000641	2024-06-05	2024.427632
TIP_205|2024-07-09	2024-07-09	2024.520492
NODE_0000564	2024-06-21	2024.470560
TIP_115|2024-06-22	2024-06-22	2024.474044
TIP_279|2024-06-29	2024-06-29	2024.493169
NODE_0000565	2024-05-19	2024.380142
NODE_0000644	2024-05-19	2024.380142
TIP_694|2024-05-27	2024-05-27	2024.403005
TIP_74|2024-05-28	2024-05-28	2024.405738
NODE_0000645	2024-05-19	2024.380523
NODE_0000575	2024-06-03	2024.422131
TIP_904|2024-06-10	2024-06-10	2024.441257
TIP_508|2024-06-03	2024-06-03	2024.422131
NODE_0000652	2024-06-19	2024.464824
TIP_427|2024-06-25	2024-06-25	2024.482240
TIP_138|2024-06-19	2024-06-19	2024.465847
NODE_0000579	2024-06-16	2024.457650
TIP_916|2024-06-20	2024-06-20	2024.468579
TIP_689|2024-06-19	2024-06-19	2024.465847
TIP_582|2024-06-16	2024-06-16	2024.457650
NODE_0000657	2024-05-19	2024.380523
TIP_814|2024-06-25	2024-06-25	2024.482240
NODE_0000658	2024-05-19	2024.380523
TIP_91|2024-06-18	2024-06-18	2024.463115
NODE_0000569	2024-06-26	2024.485785
TIP_585|2024-07-08	2024-07-08	2024.517760
TIP_776|2024-07-05	2024-07-05	2024.509563
NODE_0000661	2024-06-27	2024.487334
TIP_466|2024-07-10	2024-07-10	2024.523224
TIP_677|2024-07-17	2024-07-17	2024.542350
NODE_0000660	2024-06-27	2024.488319
TIP_510|2024-07-15	2024-07-15	2024.536885
TIP_611|2024-07-13	2024-07-13	2024.531421
NODE_0000647	2023-03-25	2023.227949
NODE_0000648	2023-10-02	2023.751597
NODE_0000649	2023-10-23	2023.810605
NODE_0000650	2023-12-28	2023.991246
NODE_0000651	2024-01-13	2024.034153
TIP_160|2024-01-18	2024-01-18	2024.047814
TIP_756|2024-01-13	2024-01-13	2024.034153
NODE_0000668	2023-12-28	2023.991246
NODE_0000654	2024-01-06	2024.016214
TIP_894|2024-01-23	2024-01-23	2024.061475
NODE_0000655	2024-01-15	2024.039617
TIP_16|2024-01-15	2024-01-15	2024.039617
TIP_635|2024-01-21	2024-01-21	2024.056011
NODE_0000671	2023-12-29	2023.993377
TIP_21|2024-01-07	2024-01-07	2024.017760
NODE_0000656	2024-01-18	2024.047814
TIP_266|2024-01-19	2024-01-19	2024.050546
TIP_932|2024-01-18	2024-01-18	2024.047814
NODE_0000675	2024-01-18	2024.047814
TIP_243|2024-02-12	2024-02-12	2024.116120
NODE_0000659	2024-02-04	2024.094262
TIP_759|2024-02-04	2024-02-04	2024.094262
NODE_0000678	2024-02-07	2024.101115
TIP_975|2024-02-25	2024-02-25	2024.151639
NODE_0000679	2024-02-17	2024.130283
TIP_149|2024-03-09	2024-03-09	2024.187158
NODE_0000681	2024-02-17	2024.130283
NODE_0000683	2024-02-19	2024.136185
TIP_89|2024-02-20	2024-02-20	2024.137978
NODE_0000684	2024-02-29	2024.162568
TIP_990|2024-02-29	2024-02-29	2024.162568
NODE_0000685	2024-03-04	2024.174559
TIP_444|2024-03-07	2024-03-07	2024.181694
NODE_0000686	2024-03-05	2024.176230
TIP_486|2024-03-07	2024-03-07	2024.181694
TIP_465|2024-03-05	2024-03-05	2024.176230
NODE_0000667	2024-03-01	2024.165301
TIP_647|2024-03-01	2024-03-01	2024.165301
NODE_0000803	2024-03-04	2024.173693
TIP_977|2024-03-14	2024-03-14	2024.200820
TIP_707|2024-03-07	2024-03-07	2024.181694
NODE_0000690	2024-03-10	2024.190953
NODE_0000693	2024-03-11	2024.191480
TIP_351|2024-03-19	2024-03-19	2024.214481
TIP_303|2024-04-01	2024-04-01	2024.250000
NODE_0000695	2024-03-11	2024.192623
TIP_833|2024-03-11	2024-03-11	2024.192623
TIP_817|2024-03-13	2024-03-13	2024.198087
NODE_0000673	2023-11-01	2023.832884
NODE_0000674	2024-01-13	2024.032964
TIP_901|2024-01-25	2024-01-25	2024.066940
NODE_0000698	2024-01-13	2024.033002
TIP_660|2024-01-24	2024-01-24	2024.064208
TIP_437|2024-01-17	2024-01-17	2024.045082
NODE_0000676	2023-12-23	2023.977878
NODE_0000814	2023-12-23	2023.977878
NODE_0000687	2024-01-04	2024.009563
TIP_551|2024-01-07	2024-01-07	2024.017760
TIP_688|2024-01-04	2024-01-04	2024.009563
NODE_0000677	2024-01-01	2024.001366
TIP_673|2024-01-01	2024-01-01	2024.001366
TIP_790|2024-01-08	2024-01-08	2024.020492
NODE_0000702	2023-12-28	2023.991264
NODE_0000703	2023-12-28	2023.991264
TIP_280|2024-01-01	2024-01-01	2024.001366
NODE_0000680	2024-01-03	2024.008060
NODE_0000708	2024-01-03	2024.008083
TIP_378|2024-01-07	2024-01-07	2024.017760
TIP_784|2024-01-08	2024-01-08	2024.020492
NODE_0000682	2024-01-08	2024.019456
TIP_288|2024-01-14	2024-01-14	2024.036885
NODE_0000826	2024-01-13	2024.033625
TIP_840|2024-01-28	2024-01-28	2024.075137
NODE_0000712	2024-01-22	2024.059430
TIP_774|2024-02-04	2024-02-04	2024.094262
NODE_0000713	2024-01-23	2024.061269
TIP_767|2024-02-05	2024-02-05	2024.096995
TIP_391|2024-01-24	2024-01-24	2024.064208
NODE_0000688	2024-01-12	2024.031421
TIP_484|2024-01-12	2024-01-12	2024.031421
NODE_0000689	2024-01-22	2024.060005
NODE_0000691	2024-02-17	2024.130194
TIP_961|2024-02-18	2024-02-18	2024.132514
TIP_223|2024-02-22	2024-02-22	2024.143443
NODE_0000718	2024-01-22	2024.060005
TIP_256|2024-02-06	2024-02-06	2024.099727
NODE_0000692	2024-01-29	2024.076772
TIP_40|2024-02-08	2024-02-08	2024.105191
NODE_0000720	2024-01-29	2024.076772
TIP_832|2024-02-23	2024-02-23	2024.146175
NODE_0000694	2024-02-06	2024.100979
TIP_709|2024-02-21	2024-02-21	2024.140710
TIP_742|2024-02-11	2024-02-11	2024.113388
TIP_720|2024-02-09	2024-02-09	2024.107923
NODE_0000696	2023-12-17	2023.960141
NODE_0000715	2023-12-28	2023.990178
TIP_468|2024-01-04	2024-01-04	2024.009563
TIP_676|2024-01-01	2024-01-01	2024.001366
NODE_0000697	2024-01-03	2024.006831
TIP_764|2024-01-03	2024-01-03	2024.006831
NODE_0000839	2024-01-17	2024.046043
NODE_0000709	2024-02-06	2024.100303
TIP_116|2024-02-28	2024-02-28	2024.159836
NODE_0000710	2024-02-12	2024.115666
TIP_896|2024-03-05	2024-03-05	2024.176230
TIP_227|2024-02-19	2024-02-19	2024.135246
NODE_0000727	2024-01-18	2024.047814
TIP_608|2024-01-18	2024-01-18	2024.047814
NODE_0000728	2024-01-18	2024.048652
NODE_0000705	2024-02-06	2024.099002
NODE_0000706	2024-02-25	2024.152959
TIP_154|2024-03-09	2024-03-09	2024.187158
TIP_175|2024-03-20	2024-03-20	2024.217213
NODE_0000707	2024-03-14	2024.200820
TIP_668|2024-03-14	2024-03-14	2024.200820
TIP_301|2024-03-20	2024-03-20	2024.217213
NODE_0000732	2024-01-19	2024.049971
TIP_161|2024-01-25	2024-01-25	2024.066940
NODE_0000733	2024-01-22	2024.059441
TIP_897|2024-02-04	2024-02-04	2024.094262
NODE_0000734	2024-01-23	2024.060429
TIP_344|2024-01-27	2024-01-27	2024.072404
NODE_0000736	2024-01-23	2024.060429
TIP_954|2024-02-18	2024-02-18	2024.132514
NODE_0000740	2024-01-23	2024.060429
TIP_632|2024-03-02	2024-03-02	2024.168033
NODE_0000711	2024-03-10	2024.191128
TIP_718|2024-03-23	2024-03-23	2024.225410
TIP_184|2024-03-11	2024-03-11	2024.192623
NODE_0000856	2024-03-10	2024.191128
TIP_38|2024-03-25	2024-03-25	2024.230874
TIP_302|2024-03-27	2024-03-27	2024.236339
NODE_0000716	2023-12-28	2023.990888
NODE_0000724	2024-01-09	2024.022412
TIP_489|2024-01-15	2024-01-15	2024.039617
TIP_983|2024-01-14	2024-01-14	2024.036885
NODE_0000745	2023-12-28	2023.990888
TIP_537|2024-01-04	2024-01-04	2024.009563
NODE_0000748	2023-12-28	2023.990888
NODE_0000717	2024-02-06	2024.099727
TIP_139|2024-02-18	2024-02-18	2024.132514
TIP_531|2024-02-06	2024-02-06	2024.099727
NODE_0000863	2024-02-23	2024.146175
TIP_899|2024-02-23	2024-02-23	2024.146175
NODE_0000750	2024-03-01	2024.165301
TIP_857|2024-03-01	2024-03-01	2024.165301
NODE_0000751	2024-03-04	2024.173940
TIP_606|2024-03-12	2024-03-12	2024.195355
TIP_296|2024-03-07	2024-03-07	2024.181694
NODE_0000725	2024-01-07	2024.016987
TIP_920|2024-01-19	2024-01-19	2024.050546
TIP_200|2024-01-19	2024-01-19	2024.050546
TIP_117|2024-01-14	2024-01-14	2024.036885
TIP_796|2024-01-08	2024-01-08	2024.020492
NODE_0000753	2024-01-07	2024.016987
TIP_685|2024-01-20	2024-01-20	2024.053279
NODE_0000731	2024-01-20	2024.052832
TIP_948|2024-01-27	2024-01-27	2024.072404
TIP_293|2024-01-26	2024-01-26	2024.069672
NODE_0000735	2024-02-18	2024.132514
TIP_337|2024-04-01	2024-04-01	2024.250000
TIP_752|2024-02-18	2024-02-18	2024.132514
NODE_0000738	2024-02-10	2024.110913
TIP_979|2024-02-23	2024-02-23	2024.146175
NODE_0000739	2024-02-17	2024.129176
TIP_350|2024-02-20	2024-02-20	2024.137978
TIP_190|2024-02-19	2024-02-19	2024.135246
NODE_0000761	2024-01-29	2024.077869
TIP_123|2024-01-29	2024-01-29	2024.077869
NODE_0000737	2024-03-03	2024.171939
TIP_66|2024-03-09	2024-03-09	2024.187158
TIP_911|2024-03-28	2024-03-28	2024.239071
NODE_0000763	2024-01-07	2024.016987
TIP_889|2024-02-11	2024-02-11	2024.113388
NODE_0000741	2024-01-29	2024.077791
NODE_0000742	2024-02-12	2024.115697
TIP_801|2024-02-13	2024-02-13	2024.118852
TIP_665|2024-02-12	2024-02-12	2024.116120
NODE_0000744	2024-02-21	2024.140710
TIP_999|2024-02-21	2024-02-21	2024.140710
NODE_0000879	2024-02-22	2024.144726
TIP_435|2024-02-25	2024-02-25	2024.151639
NODE_0000746	2024-03-28	2024.239071
TIP_813|2024-03-28	2024-03-28	2024.239071
NODE_0000747	2024-05-09	2024.353825
TIP_789|2024-05-09	2024-05-09	2024.353825
NODE_0000769	2024-05-09	2024.354719
TIP_504|2024-05-16	2024-05-16	2024.372951
TIP_712|2024-05-23	2024-05-23	2024.392077
NODE_0000749	2024-02-16	2024.127049
TIP_472|2024-02-16	2024-02-16	2024.127049
NODE_0000758	2024-02-21	2024.140710
TIP_962|2024-02-21	2024-02-21	2024.140710
NODE_0000759	2024-03-07	2024.182106
TIP_841|2024-03-12	2024-03-12	2024.195355
TIP_375|2024-04-01	2024-04-01	2024.250000
NODE_0000773	2024-02-28	2024.160062
NODE_0000774	2024-03-04	2024.173867
NODE_0000775	2024-03-04	2024.173867
TIP_384|2024-04-06	2024-04-06	2024.263661
TIP_769|2024-03-15	2024-03-15	2024.203552
NODE_0000776	2024-03-04	2024.173962
TIP_455|2024-03-19	2024-03-19	2024.214481
NODE_0000755	2024-03-14	2024.200820
TIP_363|2024-03-14	2024-03-14	2024.200820
TIP_261|2024-03-14	2024-03-14	2024.200820
NODE_0000778	2024-02-28	2024.160062
NODE_0000781	2024-02-28	2024.160062
TIP_781|2024-03-17	2024-03-17	2024.209016
TIP_588|2024-03-03	2024-03-03	2024.170765
NODE_0000760	2024-03-19	2024.214740
NODE_0000785	2024-03-19	2024.214740
TIP_453|2024-03-24	2024-03-24	2024.228142
NODE_0000786	2024-03-25	2024.231446
TIP_4|2024-04-12	2024-04-12	2024.280055
NODE_0000764	2024-04-10	2024.274352
NODE_0000789	2024-04-14	2024.286749
TIP_262|2024-04-17	2024-04-17	2024.293716
TIP_396|2024-04-19	2024-04-19	2024.299180
NODE_0000766	2024-04-13	2024.283809
NODE_0000767	2024-05-01	2024.331150
TIP_984|2024-05-12	2024-05-12	2024.362022
NODE_0000768	2024-05-18	2024.379679
TIP_260|2024-05-22	2024-05-22	2024.389344
NODE_0000918	2024-05-24	2024.394809
TIP_24|2024-05-29	2024-05-29	2024.408470
TIP_53|2024-05-24	2024-05-24	2024.394809
NODE_0000770	2024-04-19	2024.298557
TIP_356|2024-04-23	2024-04-23	2024.310109
NODE_0000923	2024-04-28	2024.324610
NODE_0000794	2024-04-28	2024.324610
TIP_724|2024-05-16	2024-05-16	2024.372951
NODE_0000796	2024-04-28	2024.324610
TIP_658|2024-05-28	2024-05-28	2024.405738
NODE_0000801	2024-04-30	2024.328468
TIP_436|2024-05-31	2024-05-31	2024.413934
TIP_185|2024-06-16	2024-06-16	2024.457650
NODE_0000930	2024-04-28	2024.324806
TIP_208|2024-05-06	2024-05-06	2024.345628
NODE_0000802	2024-04-29	2024.326374
TIP_51|2024-05-07	2024-05-07	2024.348361
NODE_0000777	2024-05-20	2024.384504
NODE_0000807	2024-05-27	2024.403005
TIP_210|2024-06-02	2024-06-02	2024.419399
TIP_335|2024-05-27	2024-05-27	2024.403005
NODE_0000779	2024-05-27	2024.403977
TIP_902|2024-06-03	2024-06-03	2024.422131
NODE_0000780	2024-06-05	2024.427183
TIP_797|2024-06-10	2024-06-10	2024.441257
NODE_0000811	2024-06-24	2024.478963
TIP_993|2024-07-02	2024-07-02	2024.501366
TIP_147|2024-07-10	2024-07-10	2024.523224
NODE_0000812	2024-03-26	2024.232312
TIP_365|2024-04-06	2024-04-06	2024.263661
NODE_0000813	2024-03-26	2024.232488
TIP_257|2024-04-24	2024-04-24	2024.312842
NODE_0000783	2024-05-03	2024.336206
NODE_0000793	2024-06-09	2024.438525
TIP_234|2024-06-09	2024-06-09	2024.438525
NODE_0000942	2024-06-10	2024.440985
TIP_773|2024-06-15	2024-06-15	2024.454918
NODE_0000795	2024-06-16	2024.457650
TIP_846|2024-06-16	2024-06-16	2024.457650
NODE_0000817	2024-06-24	2024.478946
TIP_252|2024-06-26	2024-06-26	2024.484973
TIP_268|2024-07-09	2024-07-09	2024.520492
NODE_0000820	2024-05-03	2024.336206
NODE_0000784	2024-05-15	2024.370706
TIP_134|2024-05-18	2024-05-18	2024.378415
TIP_843|2024-05-18	2024-05-18	2024.378415
NODE_0000825	2024-05-18	2024.379646
TIP_321|2024-05-21	2024-05-21	2024.386612
NODE_0000787	2024-06-26	2024.485221
TIP_460|2024-06-28	2024-06-28	2024.490437
NODE_0000827	2024-06-26	2024.485221
TIP_327|2024-06-29	2024-06-29	2024.493169
NODE_0000828	2024-06-26	2024.485221
NODE_0000829	2024-06-27	2024.486656
TIP_602|2024-07-13	2024-07-13	2024.531421
TIP_552|2024-07-23	2024-07-23	2024.558743
NODE_0000788	2024-07-08	2024.516877
TIP_870|2024-07-20	2024-07-20	2024.550546
TIP_95|2024-07-12	2024-07-12	2024.528689
NODE_0000797	2024-05-18	2024.379311
TIP_539|2024-05-26	2024-05-26	2024.400273
NODE_0000835	2024-05-19	2024.380227
NODE_0000798	2024-06-14	2024.453041
NODE_0000799	2024-06-20	2024.469905
TIP_578|2024-07-24	2024-07-24	2024.561475
NODE_0000800	2024-06-27	2024.488114
TIP_863|2024-07-15	2024-07-15	2024.536885
TIP_700|2024-07-13	2024-07-13	2024.531421
NODE_0000968	2024-06-15	2024.454918
TIP_361|2024-06-15	2024-06-15	2024.454918
NODE_0000804	2024-07-06	2024.511325
TIP_47|2024-07-13	2024-07-13	2024.531421
TIP_575|2024-07-23	2024-07-23	2024.558743
NODE_0000970	2024-06-18	2024.463115
TIP_479|2024-06-18	2024-06-18	2024.463115
NODE_0000805	2024-06-30	2024.496839
TIP_79|2024-07-14	2024-07-14	2024.534153
NODE_0000806	2024-07-08	2024.518925
TIP_19|2024-07-16	2024-07-16	2024.539617
TIP_259|2024-07-25	2024-07-25	2024.564208
NODE_0000808	2024-05-26	2024.400507
TIP_535|2024-05-29	2024-05-29	2024.408470
NODE_0000847	2024-06-05	2024.427185
TIP_497|2024-06-25	2024-06-25	2024.482240
NODE_0000810	2024-06-18	2024.463115
TIP_726|2024-06-21	2024-06-21	2024.471311
TIP_701|2024-06-18	2024-06-18	2024.463115
NODE_0000977	2024-06-18	2024.463477
TIP_965|2024-07-17	2024-07-17	2024.542350
TIP_442|2024-06-25	2024-06-25	2024.482240
NODE_0000849	2024-06-24	2024.478298
NODE_0000850	2024-06-24	2024.479236
TIP_866|2024-06-29	2024-06-29	2024.493169
TIP_624|2024-07-03	2024-07-03	2024.504098
NODE_0000851	2024-06-24	2024.478298
NODE_0000818	2024-07-08	2024.516465
TIP_553|2024-07-19	2024-07-19	2024.547814
TIP_873|2024-07-16	2024-07-16	2024.539617
NODE_0000853	2024-06-24	2024.478298
TIP_395|2024-07-11	2024-07-11	2024.525956
TIP_812|2024-07-18	2024-07-18	2024.545082
NODE_0000819	2023-06-26	2023.482551
NODE_0000821	2023-11-19	2023.884558
NODE_0000822	2024-01-04	2024.009563
TIP_276|2024-01-04	2024-01-04	2024.009563
NODE_0000823	2024-01-13	2024.034348
TIP_80|2024-01-14	2024-01-14	2024.036885
TIP_187|2024-01-23	2024-01-23	2024.061475
NODE_0000824	2023-12-31	2023.999365
TIP_986|2024-01-11	2024-01-11	2024.028689
NODE_0000989	2024-01-08	2024.020574
TIP_393|2024-01-12	2024-01-12	2024.031421
NODE_0000990	2024-01-09	2024.022341
TIP_174|2024-01-09	2024-01-09	2024.023224
NODE_0000993	2024-01-20	2024.053279
TIP_652|2024-01-20	2024-01-20	2024.053279
NODE_0000860	2024-01-28	2024.075137
TIP_412|2024-01-28	2024-01-28	2024.075137
NODE_0000861	2024-02-04	2024.094262
TIP_408|2024-02-04	2024-02-04	2024.094262
TIP_912|2024-02-04	2024-02-04	2024.094262
NODE_0000862	2023-06-26	2023.482551
NODE_0000830	2023-11-18	2023.881579
NODE_0000864	2023-11-18	2023.881579
NODE_0000832	2024-01-04	2024.009563
TIP_180|2024-01-29	2024-01-29	2024.077869
TIP_42|2024-01-04	2024-01-04	2024.009563
NODE_0000833	2024-01-02	2024.004098
TIP_839|2024-01-02	2024-01-02	2024.004098
NODE_0000834	2024-01-20	2024.054508
TIP_628|2024-01-30	2024-01-30	2024.080601
NODE_0000869	2024-01-20	2024.054508
TIP_565|2024-02-01	2024-02-01	2024.086066
TIP_766|2024-02-02	2024-02-02	2024.088798
NODE_0000836	2024-01-03	2024.006831
TIP_779|2024-01-09	2024-01-09	2024.023224
TIP_233|2024-01-03	2024-01-03	2024.006831
NODE_0000872	2024-01-04	2024.008353
NODE_0000875	2024-01-04	2024.008353
TIP_403|2024-01-08	2024-01-08	2024.020492
NODE_0000837	2024-01-10	2024.025665
TIP_564|2024-01-24	2024-01-24	2024.064208
TIP_749|2024-01-19	2024-01-19	2024.050546
NODE_0000878	2024-01-04	2024.008353
NODE_0000842	2024-01-28	2024.074984
TIP_54|2024-02-14	2024-02-14	2024.121585
TIP_594|2024-02-23	2024-02-23	2024.146175
NODE_0000843	2024-03-07	2024.182871
TIP_387|2024-03-22	2024-03-22	2024.222678
TIP_400|2024-03-14	2024-03-14	2024.200820
NODE_0000844	2023-11-20	2023.885937
TIP_903|2024-01-01	2024-01-01	2024.001366
NODE_0000845	2023-12-10	2023.940952
TIP_354|2024-01-12	2024-01-12	2024.031421
NODE_0000846	2023-12-23	2023.977237
TIP_270|2024-01-08	2024-01-08	2024.020492
NODE_0000927	2023-12-28	2023.990726
TIP_409|2024-01-05	2024-01-05	2024.012295
NODE_0000928	2024-01-03	2024.006805
TIP_392|2024-01-16	2024-01-16	2024.042350
NODE_0000901	2024-01-06	2024.015027
TIP_951|2024-01-06	2024-01-06	2024.015027
NODE_0000902	2024-01-13	2024.034153
TIP_314|2024-01-26	2024-01-26	2024.069672
TIP_238|2024-01-13	2024-01-13	2024.034153
NODE_0001020	2023-12-28	2023.990375
NODE_0000903	2023-12-28	2023.990402
TIP_152|2024-01-04	2024-01-04	2024.009563
NODE_0000904	2023-12-28	2023.990404
NODE_0000908	2024-01-06	2024.015027
TIP_215|2024-01-06	2024-01-06	2024.015027
NODE_0000909	2024-01-18	2024.047814
TIP_933|2024-01-18	2024-01-18	2024.047814
TIP_60|2024-01-29	2024-01-29	2024.077869
NODE_0000910	2023-12-28	2023.990404
NODE_0000913	2023-12-28	2023.991059
TIP_630|2024-01-01	2024-01-01	2024.001366
TIP_142|2024-01-01	2024-01-01	2024.001366
NODE_0000915	2023-12-28	2023.990871
NODE_0000865	2024-01-13	2024.034098
TIP_132|2024-01-23	2024-01-23	2024.061475
TIP_941|2024-01-19	2024-01-19	2024.050546
NODE_0000916	2024-01-02	2024.005237
TIP_978|2024-01-06	2024-01-06	2024.015027
NODE_0000917	2024-01-13	2024.034074
NODE_0001031	2024-01-13	2024.034292
TIP_34|2024-01-16	2024-01-16	2024.042350
TIP_373|2024-02-17	2024-02-17	2024.129781
NODE_0000919	2024-01-18	2024.049085
TIP_704|2024-02-08	2024-02-08	2024.105191
NODE_0000920	2024-01-23	2024.061429
TIP_463|2024-01-25	2024-01-25	2024.066940
NODE_0000921	2024-02-06	2024.100977
TIP_805|2024-02-11	2024-02-11	2024.113388
NODE_0000922	2024-02-28	2024.159836
TIP_146|2024-02-28	2024-02-28	2024.159836
TIP_183|2024-03-02	2024-03-02	2024.168033
NODE_0000924	2024-02-03	2024.091530
TIP_844|2024-02-03	2024-02-03	2024.091530
NODE_0000925	2024-02-12	2024.115529
TIP_382|2024-02-14	2024-02-14	2024.121585
TIP_958|2024-03-01	2024-03-01	2024.165301
NODE_0001038	2023-12-28	2023.990375
NODE_0000871	2024-01-08	2024.019586
TIP_643|2024-01-12	2024-01-12	2024.031421
NODE_0000873	2024-01-20	2024.054454
TIP_448|2024-01-27	2024-01-27	2024.072404
NODE_0000874	2024-03-01	2024.165301
TIP_150|2024-03-01	2024-03-01	2024.165301
NODE_0001042	2024-03-04	2024.173597
TIP_923|2024-03-21	2024-03-21	2024.219945
NODE_0000929	2024-03-11	2024.193789
TIP_716|2024-03-12	2024-03-12	2024.195355
TIP_394|2024-03-28	2024-03-28	2024.239071
NODE_0000877	2024-01-21	2024.054752
TIP_401|2024-02-01	2024-02-01	2024.086066
TIP_943|2024-01-26	2024-01-26	2024.069672
TIP_890|2024-01-25	2024-01-25	2024.066940
NODE_0001045	2024-01-22	2024.059471
TIP_971|2024-01-25	2024-01-25	2024.066940
NODE_0000932	2024-01-22	2024.059638
TIP_425|2024-02-10	2024-02-10	2024.110656
NODE_0000934	2024-01-22	2024.059638
TIP_731|2024-02-19	2024-02-19	2024.135246
TIP_323|2024-03-02	2024-03-02	2024.168033
NODE_0000884	2024-01-28	2024.075137
TIP_524|2024-01-28	2024-01-28	2024.075137
NODE_0000885	2024-02-15	2024.124317
TIP_322|2024-02-15	2024-02-15	2024.124317
TIP_357|2024-02-15	2024-02-15	2024.124317
NODE_0000887	2024-02-26	2024.153155
TIP_691|2024-03-06	2024-03-06	2024.178962
NODE_0000940	2024-02-28	2024.160216
TIP_193|2024-03-02	2024-03-02	2024.168033
NODE_0000941	2024-02-28	2024.160216
NODE_0000888	2024-03-09	2024.187158
TIP_905|2024-03-09	2024-03-09	2024.187158
TIP_23|2024-03-13	2024-03-13	2024.198087
NODE_0000891	2024-03-25	2024.231039
TIP_680|2024-04-07	2024-04-07	2024.266393
TIP_65|2024-04-02	2024-04-02	2024.252732
NODE_0000892	2024-01-31	2024.083333
TIP_558|2024-01-31	2024-01-31	2024.083333
NODE_0000893	2024-03-14	2024.200820
TIP_165|2024-03-20	2024-03-20	2024.217213
TIP_567|2024-03-16	2024-03-16	2024.206284
TIP_519|2024-03-14	2024-03-14	2024.200820
NODE_0001057	2024-03-25	2024.232136
NODE_0000905	2024-04-08	2024.269526
NODE_0000906	2024-04-13	2024.283832
TIP_1|2024-05-18	2024-05-18	2024.378415
TIP_599|2024-04-30	2024-04-30	2024.329235
NODE_0000907	2024-04-30	2024.329235
TIP_334|2024-04-30	2024-04-30	2024.329235
NODE_0000949	2024-05-04	2024.339620
TIP_867|2024-05-14	2024-05-14	2024.367486
TIP_793|2024-05-05	2024-05-05	2024.342896
NODE_0000951	2024-03-25	2024.232136
NODE_0000954	2024-03-25	2024.232136
TIP_316|2024-04-06	2024-04-06	2024.263661
TIP_311|2024-04-04	2024-04-04	2024.258197
NODE_0000956	2024-04-02	2024.252732
TIP_936|2024-04-02	2024-04-02	2024.252732
NODE_0000957	2024-04-10	2024.274901
NODE_0000958	2024-04-10	2024.275155
TIP_687|2024-04-14	2024-04-14	2024.285519
NODE_0000959	2024-04-15	2024.287500
TIP_577|2024-04-16	2024-04-16	2024.290984
NODE_0000960	2024-04-25	2024.315574
TIP_517|2024-04-26	2024-04-26	2024.318306
TIP_974|2024-04-25	2024-04-25	2024.315574
NODE_0000962	2024-04-10	2024.274901
NODE_0000963	2024-04-13	2024.283811
TIP_99|2024-04-20	2024-04-20	2024.301913
NODE_0000965	2024-04-14	2024.285519
TIP_998|2024-04-17	2024-04-17	2024.293716
TIP_743|2024-04-14	2024-04-14	2024.285519
NODE_0000911	2024-04-24	2024.312842
TIP_111|2024-04-24	2024-04-24	2024.312842
NODE_0000912	2024-05-19	2024.380117
NODE_0000914	2024-06-05	2024.427596
TIP_698|2024-06-06	2024-06-06	2024.430328
TIP_559|2024-06-05	2024-06-05	2024.427596
NODE_0001075	2024-05-19	2024.380117
TIP_598|2024-06-06	2024-06-06	2024.430328
TIP_723|2024-05-24	2024-05-24	2024.394809
NODE_0001076	2023-12-23	2023.977381
NODE_0000852	2024-01-03	2024.008039
NODE_0000896	2024-01-04	2024.008316
TIP_386|2024-01-21	2024-01-21	2024.056011
TIP_49|2024-01-10	2024-01-10	2024.025956
NODE_0000854	2024-01-20	2024.054483
TIP_629|2024-01-30	2024-01-30	2024.080601
NODE_0000855	2024-02-24	2024.147614
TIP_92|2024-03-06	2024-03-06	2024.178962
TIP_591|2024-02-24	2024-02-24	2024.148907
NODE_0001081	2023-12-23	2023.977381
NODE_0000866	2023-12-29	2023.993676
TIP_667|2024-01-05	2024-01-05	2024.012295
NODE_0000886	2024-01-01	2024.002369
TIP_976|2024-01-11	2024-01-11	2024.028689
NODE_0000868	2024-01-09	2024.022868
TIP_675|2024-01-23	2024-01-23	2024.061475
TIP_926|2024-01-15	2024-01-15	2024.039617
NODE_0001085	2023-12-23	2023.977381
NODE_0000859	2024-01-06	2024.016131
TIP_970|2024-01-19	2024-01-19	2024.050546
NODE_0000889	2024-01-13	2024.033512
TIP_521|2024-01-13	2024-01-13	2024.034153
NODE_0000890	2024-01-13	2024.033512
TIP_328|2024-02-17	2024-02-17	2024.129781
NODE_0000894	2024-01-23	2024.060723
TIP_45|2024-01-28	2024-01-28	2024.075137
TIP_644|2024-02-02	2024-02-02	2024.088798
NODE_0000931	2024-01-07	2024.017760
TIP_543|2024-01-14	2024-01-14	2024.036885
TIP_148|2024-01-07	2024-01-07	2024.017760
NODE_0000933	2024-01-13	2024.033957
NODE_0000973	2024-01-19	2024.050546
TIP_284|2024-01-19	2024-01-19	2024.050546
NODE_0000974	2024-01-20	2024.054596
TIP_87|2024-02-13	2024-02-13	2024.118852
TIP_181|2024-01-28	2024-01-28	2024.075137
NODE_0000975	2024-01-13	2024.034477
TIP_221|2024-01-16	2024-01-16	2024.042350
NODE_0000938	2024-01-23	2024.061475
TIP_512|2024-01-23	2024-01-23	2024.061475
TIP_573|2024-01-26	2024-01-26	2024.069672
NODE_0000939	2024-01-16	2024.042350
TIP_103|2024-01-16	2024-01-16	2024.042350
NODE_0001097	2024-01-17	2024.044096
NODE_0000979	2024-01-28	2024.074726
TIP_791|2024-02-13	2024-02-13	2024.118852
TIP_639|2024-01-30	2024-01-30	2024.080601
NODE_0000943	2024-02-03	2024.091530
TIP_471|2024-02-19	2024-02-19	2024.135246
TIP_583|2024-02-03	2024-02-03	2024.091530
NODE_0000944	2024-01-19	2024.050546
TIP_636|2024-01-19	2024-01-19	2024.050546
NODE_0000945	2024-01-28	2024.075137
TIP_523|2024-01-28	2024-01-28	2024.075137
NODE_0000946	2024-02-05	2024.098092
TIP_449|2024-02-16	2024-02-16	2024.127049
NODE_0000947	2024-02-14	2024.121585
TIP_618|2024-02-14	2024-02-14	2024.121585
NODE_0000985	2024-02-17	2024.130195
NODE_0000950	2024-02-26	2024.153290
TIP_945|2024-03-03	2024-03-03	2024.170765
NODE_0000987	2024-02-26	2024.153290
TIP_367|2024-03-08	2024-03-08	2024.184426
TIP_666|2024-03-23	2024-03-23	2024.225410
NODE_0000988	2024-02-26	2024.153779
TIP_145|2024-03-15	2024-03-15	2024.203552
NODE_0000952	2024-03-06	2024.179489
TIP_326|2024-03-10	2024-03-10	2024.189891
NODE_0000953	2024-03-17	2024.209016
TIP_189|2024-03-17	2024-03-17	2024.209016
NODE_0000991	2024-03-17	2024.209016
TIP_682|2024-04-02	2024-04-02	2024.252732
NODE_0000955	2024-03-25	2024.232072
TIP_526|2024-04-11	2024-04-11	2024.277322
TIP_607|2024-04-04	2024-04-04	2024.258197
NODE_0000964	2024-04-15	2024.286957
TIP_451|2024-04-30	2024-04-30	2024.329235
TIP_572|2024-04-26	2024-04-26	2024.318306
NODE_0000961	2024-04-14	2024.284705
TIP_230|2024-04-20	2024-04-20	2024.301913
TIP_696|2024-05-10	2024-05-10	2024.356557
NODE_0001114	2024-04-04	2024.257228
NODE_0001115	2024-04-04	2024.259043
TIP_960|2024-04-07	2024-04-07	2024.266393
NODE_0000995	2024-04-05	2024.260929
TIP_237|2024-04-08	2024-04-08	2024.269126
TIP_231|2024-04-05	2024-04-05	2024.260929
NODE_0000996	2024-04-14	2024.285403
NODE_0000998	2024-04-28	2024.324526
TIP_107|2024-06-09	2024-06-09	2024.438525
NODE_0000966	2024-06-05	2024.426620
NODE_0000967	2024-06-28	2024.490437
TIP_554|2024-06-28	2024-06-28	2024.490437
NODE_0001001	2024-06-28	2024.490437
TIP_300|2024-07-30	2024-07-30	2024.577869
TIP_313|2024-07-28	2024-07-28	2024.572404
NODE_0001002	2024-06-12	2024.447506
NODE_0001003	2024-06-21	2024.469957
TIP_513|2024-07-12	2024-07-12	2024.528689
TIP_272|2024-07-10	2024-07-10	2024.523224
NODE_0000971	2024-06-21	2024.471311
TIP_661|2024-06-23	2024-06-23	2024.476776
TIP_545|2024-06-21	2024-06-21	2024.471311
NODE_0000972	2024-04-28	2024.324644
TIP_922|2024-04-29	2024-04-29	2024.326503
NODE_0001006	2024-04-28	2024.325103
TIP_347|2024-05-13	2024-05-13	2024.364754
NODE_0001007	2024-05-18	2024.379618
TIP_96|2024-05-19	2024-05-19	2024.381148
NODE_0000976	2024-05-25	2024.397541
TIP_295|2024-05-25	2024-05-25	2024.397541
NODE_0001009	2024-06-04	2024.425965
TIP_462|2024-06-17	2024-06-17	2024.460383
NODE_0000978	2024-06-26	2024.483904
TIP_798|2024-07-07	2024-07-07	2024.515027
TIP_168|2024-07-05	2024-07-05	2024.509563
NODE_0001011	2024-06-26	2024.485079
TIP_32|2024-07-10	2024-07-10	2024.523224
NODE_0001012	2024-06-27	2024.487369
TIP_275|2024-07-16	2024-07-16	2024.539617
NODE_0001013	2024-06-27	2024.487705
TIP_858|2024-07-27	2024-07-27	2024.569672
NODE_0001014	2024-06-27	2024.488507
TIP_699|2024-07-24	2024-07-24	2024.561475
TIP_151|2024-07-21	2024-07-21	2024.553279
NODE_0000984	2024-05-18	2024.378415
TIP_584|2024-05-18	2024-05-18	2024.378415
NODE_0001016	2024-06-10	2024.441074
NODE_0001017	2024-06-10	2024.442520
TIP_29|2024-06-11	2024-06-11	2024.443989
TIP_179|2024-06-14	2024-06-14	2024.452186
NODE_0001018	2024-06-15	2024.455442
NODE_0001019	2024-06-18	2024.464007
TIP_130|2024-07-07	2024-07-07	2024.515027
NODE_0000992	2024-07-04	2024.508011
TIP_381|2024-07-21	2024-07-21	2024.553279
TIP_810|2024-07-05	2024-07-05	2024.509563
TIP_201|2024-07-05	2024-07-05	2024.509563
NODE_0001021	2024-06-15	2024.455442
TIP_967|2024-06-22	2024-06-22	2024.474044
NODE_0001022	2024-06-15	2024.455442
TIP_109|2024-06-17	2024-06-17	2024.460383
NODE_0001023	2024-06-15	2024.455442
TIP_464|2024-06-30	2024-06-30	2024.495902
NODE_0000994	2024-06-19	2024.465847
TIP_955|2024-06-19	2024-06-19	2024.465847
NODE_0001025	2024-06-20	2024.467903
TIP_370|2024-06-25	2024-06-25	2024.482240
NODE_0001026	2024-06-20	2024.468615
TIP_717|2024-07-15	2024-07-15	2024.536885
NODE_0000997	2024-06-27	2024.488209
TIP_358|2024-07-25	2024-07-25	2024.564208
TIP_681|2024-07-30	2024-07-30	2024.577869
