replicate	mu	alpha	tau	gamma_0	gamma_1	gamma_2	gamma_3	gamma_4	N_bar	kappa	pi_A	pi_C	pi_G	pi_T	rootHeight
sim_000	0.0008038477341452512	1.899178779922581	1.1438929052537856	0.5028485137605658	0.6497417095742757	-1.2078099882858373	-0.775777122406961	0.08442236081197718	0.8612978449248566	2.2858104773589973	0.3545882456023238	0.14888068205588567	0.36908434933738077	0.12744672300440965	5.962093498591756
sim_004	0.0010164715141527184	0.7396161623917951	1.0729163659470113	-0.5820452226460571	-1.2282994012606823	-0.29768979993867073	0.2660406850640269	0.6967318258258384	0.7952868732268723	11.967936677987929	0.5358567460002769	0.14964857911761478	0.11761691210911743	0.19687776277299077	2.786856141237925
sim_005	0.0010225332529961184	0.7909509648583394	1.8996127931562248	-0.29372616491277975	-0.6710357709436863	-0.6325349832920801	-0.13784701048498882	0.043916201462234294	0.7130201874074242	2.0429835531739204	0.2804662765179361	0.3059143445213963	0.3820665155069006	0.03155286345376717	3.0110347025519517
sim_006	0.000921914709345369	0.6098681119380288	1.8881370135202906	-1.1622693617876845	-0.3331798641278242	0.2091482827848048	0.5635345776193699	1.4720766757990833	1.161673992755903	3.6395768299308977	0.45600132737540316	0.0746126394450096	0.25904091169653354	0.2103451214830536	1.6898948221748384
sim_007	0.000965581698659813	2.654662849325929	1.393062299951774	-1.669230083058096	0.019816212198951577	0.766318545116951	-0.4256975073950062	-0.591015361870896	0.6838876433219475	12.245713745654136	0.5494826975368892	0.05575015573714191	0.26244762617266587	0.13231952055330296	1.3880695145878799
sim_010	0.00102285027837574	0.15776642354933104	1.5115891328927846	-1.8153310252687127	-1.8877161795911332	-0.2335605834617427	0.92737432854777	0.31199419407472573	0.5830701038382751	1.1608709853746686	0.13551884568446912	0.15711871055419363	0.24451319974529706	0.46284924401604005	1.0680985760010884
sim_012	0.0009605750824287676	0.3141886875216358	1.666760086040648	-1.454495892726844	-0.4910724140034397	-0.35033689940014634	0.7078646371568666	0.12995188143888203	0.7470540521432445	1.7320707947249665	0.3838632989745981	0.1576229677390202	0.2060755299629958	0.25243820332338585	1.148937146728476
sim_014	0.0010080455126864323	0.2226215041128172	1.4702401947706516	-0.6595198734693669	-0.041449604982387034	-0.01994572408679507	-0.613950769516306	0.14223816403203393	0.7877885508603528	2.4113686846008178	0.14696664581591526	0.10409096819328746	0.4658218990293032	0.28312048696149406	1.6336044016958104
sim_015	0.0009004920503020912	0.3225660216832227	1.4684623297877804	-0.43861285147222534	-0.06123561331827543	-0.7333944370335509	-0.03692220874432628	-0.4900559801819734	0.7032490249178982	5.215980718929022	0.3920568576738652	0.004112750450813347	0.23969372780187595	0.3641366640734454	1.9503581201895865
sim_016	0.001000205624993417	0.38697354872317474	1.216002482906253	-0.2315385813126768	-0.8595325975238537	-1.4859424041767424	-0.32589805876996014	-0.2960172384183761	0.5274053948141263	3.625313830016453	0.5299316056608532	0.1991450691476185	0.009322793692395338	0.261600531499133	3.668349461962779
sim_017	0.0010065503080770005	3.095253085528903	1.623871389313022	-0.2605478826815113	-0.36088965649043414	1.2840311794299555	0.7749869193212366	-0.23921773577775407	1.2708329666914606	5.381543524883225	0.08831545644703817	0.7090330770093505	0.12322244925506552	0.079429017288546	1.6887468308759712
sim_019	0.0009299359910788596	0.985573098884203	1.4225101902072734	0.12641865742621405	-0.550327321287343	0.30815734400290684	-0.6669108140316637	-0.9712354841268263	0.7041389827685034	0.7013372372231979	0.3629797165572863	0.2452263721974445	0.2048249466565829	0.18696896458868634	2.1902550128247187
sim_020	0.0010753389822829435	2.568114654587867	1.7067903897404135	-0.7077696306260611	-0.6717287924225379	-0.0005747001321052547	0.4904526904102994	0.6206408145257457	0.947625474719247	12.749984407935473	0.15784960824067143	0.1137880490669457	0.6652336892942178	0.0631286533981651	1.8121357585929345
sim_022	0.0009245681769519399	0.44218032314939	1.4814626125492087	-0.11608783147118035	-0.011623887566324986	-0.712947430467366	-0.32357850689270756	0.07164655183913793	0.8037088350035333	0.26801841639146085	0.3104254364965081	0.5089561746647553	0.09914973235142076	0.08146865648731592	3.1077394191521566
sim_023	0.0010036121423687336	1.059356916378518	1.5577994099765382	-0.14176595242859968	-0.17451857450915226	-0.6750965496225089	0.32336396698971515	0.010262778540880035	0.8767346778368871	0.56551863866544	0.09375037446919099	0.473990772129738	0.2931427357233038	0.1391161176777671	2.0404452385834873
sim_024	0.0011975855527476416	3.4092158116516598	1.373489994720637	-0.9548299870341547	-1.1472393368081462	0.19058887043476058	0.19391754674815098	1.2778757176010789	0.9158181705199616	21.40823891285198	0.08080188130526966	0.1994301102639585	0.5300078207843864	0.1897601876463856	2.0737895265295694
sim_025	0.0010315632614777024	1.3722009515714404	1.2642615227405263	-2.4971742044371674	-0.8362472527908009	-0.48675313316427227	0.939679288972016	2.0198575203585967	0.8418717803437701	0.45543625712655855	0.08189318233209221	0.18156907637531816	0.004547068940541479	0.7319906723520483	1.08796560922105
sim_027	0.0009293609850097014	0.1665467879901177	1.3566583515500206	0.08338560004236306	-0.5793499697353778	-1.160989274931301	-0.9824985319681395	-0.4527738229201378	0.5387814842101426	5.584089789876568	0.10329508290171349	0.6437685589348091	0.2295700044744876	0.023366353688989854	2.062447528147856
sim_028	0.0010853008629090328	0.586742480494861	1.487416605583711	-1.9973857064499874	-1.2568344711193467	0.845711202103574	0.9698931763165004	-0.32946980091127553	0.7021437526873762	3.5572451074557336	0.014867574412355289	0.6895787486969753	0.02100584861729258	0.274547828273377	1.2606505313670637
sim_029	0.0010890058751128339	1.1035910832088884	1.30650421284775	-0.3990999338964365	-0.2640194027542645	-0.8999923164021791	0.035595979661682486	0.35676539134471863	0.7912430758921088	9.84293675804761	0.021598859651286627	0.049298122230126036	0.897956279602281	0.031146738516306255	1.6034064045944327
sim_030	0.0008729298824019215	1.3400511295297175	1.4313084051229286	-0.802511467570151	-1.2862470187263877	-0.6148628578276066	0.3276124610325488	0.21726351206815497	0.6493723005043556	3.315140986924445	0.7633660693956508	0.032320138375853145	0.07564220837393013	0.12867158385456595	1.7642386188950143
sim_031	0.0009806215721820302	1.9830457791311125	1.185875877168189	-0.8456428506050852	-1.6824081728724511	0.6200891600622102	0.4886339804223271	1.4358650499853352	1.0033129089913653	5.632598525039917	0.099201741241451	0.09843149495566623	0.6123354793434179	0.1900312844594647	1.459603001311778
sim_032	0.0009793935695437581	1.06085880139505	1.4223139731058905	-0.11464308187582678	-0.5194179562243799	-0.5434598997794384	-0.395212485467526	-0.7810872475679422	0.6245248651083113	0.9142670639378	0.3124152762360599	0.2572102341515871	0.32896988421719087	0.10140460539516209	1.951205311737876
sim_033	0.0010683847209861067	0.8016765604662297	1.578063358608728	-0.8430470774697362	-0.9409215584395995	-0.1531031415960713	0.3685208803028669	0.8228236480218049	0.8614438089254545	2.1869996575264334	0.29660857946010566	0.2272742051114977	0.11246930631279858	0.36364790911559813	1.7033464007739303
sim_038	0.0010479081651749767	2.566101086184744	1.049958221989519	0.7640813670185131	0.5988330638271028	0.13418685878232706	-0.40015477398602584	-1.5888489366545555	0.9063040037874588	1.3011333511387406	0.004217079386391537	0.3497895098039361	0.14051708855450856	0.5054763222551637	3.4234985519867664
sim_039	0.0010551080677405384	0.20015500243203874	1.1302972560411515	-0.43196626206016075	-1.2433603226916223	-0.04146811996931177	-0.45875483991470734	0.495876312130652	0.7146698104626066	1.3641296849296383	0.20369306874052692	0.626388341435727	0.058206201754184755	0.11171238806956144	1.9986931563009953
sim_040	0.0009225794064426017	0.13714132771850981	1.1639541107232367	-0.37352350775631304	-0.26583515933709084	0.21516392972052245	0.7709431560808793	-2.393982796354746	0.6640174328691388	2.868192228531901	0.4584485581173565	0.3948141225835472	0.027803014922401455	0.11893430437669486	1.668784237898556
sim_042	0.000897265495670548	0.1364781171933921	1.2961144456379923	-1.3227799968645206	0.23171494037671292	-0.1660784228673884	-0.6529356251604641	-1.3011456730113	0.5261100037498143	3.1747105259824835	0.1886101668733341	0.15517942179169286	0.43054673051689235	0.2256636808180808	1.1262904824873923
sim_043	0.0009440196061222808	0.9883626354178794	1.0074460106239342	-0.09932384332054875	-0.45849278031475027	0.24111922258901716	-0.12324976530195506	-1.034594493637902	0.7445998403177867	20.655711726680327	0.06822791681231137	0.8015481770506979	0.04209859935471902	0.08812530678227172	2.7283601465188267
sim_044	0.0010271837237415858	0.606163002232417	1.5414954184301157	-1.238788181804133	-1.2751073492893241	0.0999153822143859	0.694245790686004	0.3835453995893632	0.7654910223939241	3.7533636839247744	0.1818767679804204	0.38234892387460345	0.15917366533377758	0.27660064281119845	1.3341101280009844
sim_045	0.0011014921897067298	0.6687221771157829	1.481006012419479	-1.3172028737085695	-0.9791029483877802	-0.3331592639595725	1.2907087564939972	0.9222451988974121	0.9200730350804831	0.8221335410075677	0.09219686730144964	0.44756305834318394	0.008998058609039409	0.4512420157463269	1.1532731518603094
sim_046	0.0010153429103258128	0.8971019571920967	1.1779314886650405	-0.8518922621578775	0.6162290868918947	-1.5679500006714142	-0.7815965294980831	0.553663565666801	0.666104157548908	2.2204838017152064	0.012475019188489544	0.10954990096613783	0.5944304931334042	0.2835445867119684	1.6528429003935263
sim_047	0.0010094097218072277	0.09861201873317754	1.5309955532616057	-0.7204334530809896	-2.3199324363969858	-0.04296616999773539	0.41972406667369266	1.386566199776969	0.7746001187434589	3.1762033991038923	0.32145717595328754	0.16250943770398651	0.40783763979970733	0.10819574654301875	1.4619623149071248
sim_048	0.0008397288960758012	0.911449349923663	1.4761186725859654	-0.36612049943254027	0.01581223584034641	0.05959036731215961	-0.8261797382196282	-1.0723613196927098	0.6454214331384316	0.7868749285588855	0.1470788797734879	0.08275069848451862	0.742658092486077	0.027512329255916467	1.6230882841959469
sim_049	0.0009297378436986174	0.4041976605502857	1.8381076108423715	-0.1808048281550888	-1.1415357363013596	-1.0260144806599967	0.07590699514671506	-0.6645407709994433	0.5557716535222049	0.27759238722122626	0.5704200082675437	0.15651353054938555	0.05700606199784704	0.2160603991852238	2.045077618325831
sim_050	0.0009188792653117473	5.935317060365053	1.7563728981530125	-1.3607101805891921	0.22042338822255325	0.8126717911006573	0.49024516492980896	0.6439227334068298	1.1750498584439455	1.086781824052931	0.019714797629063203	0.3020407765459667	0.5545206213565017	0.12372380446846824	1.7738895236073455
sim_051	0.0010230431250564042	1.1810368943268321	1.7077077647004821	0.3279354409144058	-0.25805241653238536	-0.679837035519357	-0.1157729575667435	-0.610809584972541	0.7654378080621003	0.5544765749995035	0.23307679887983915	0.3542055463321875	0.16940122841458702	0.2433164263733864	2.537720262651774
sim_052	0.0009705394544471345	2.1488819322926265	1.4820600731892846	-1.0368021974076578	-1.6663367083318508	-1.2906810905291541	0.8566066309259706	1.7128192807417018	0.7521053912447911	3.1179088541251327	0.7380157262603627	0.07309934351714807	0.14585235441258448	0.0430325758099047	2.4082293810142215
sim_054	0.0010621601129640985	1.7337380637825135	1.4838873626774403	-0.3449458439553806	-0.6535218968167782	-0.8072577880157152	-0.7995108350379021	0.21493851720288198	0.6199852637785498	1.694605046298189	0.15744207963148138	0.32524008677964933	0.35397104802937934	0.1633467855594899	3.6908441875694438
sim_055	0.0009769927035201836	0.21338158242223657	1.3379792271152642	-0.07045499485459034	-1.01588094983576	-0.3626592855520952	-0.3757073756612178	-0.67376397236857	0.6067167016976894	7.879268947817967	0.5914098159374488	0.035572875302745534	0.09952978996603565	0.2734875187937702	1.933860183949789
sim_056	0.0008810364700025211	2.557985463528726	1.2212085886863617	-0.9997627858223838	-0.27128143485058065	0.41485176217131314	-0.06285879111819737	-0.7463120994452341	0.7167181084922645	3.4958168937687057	0.0050003674867801174	0.8292110856174154	0.1260475790769019	0.03974096781890263	1.8681470702498117
sim_057	0.001152356957168511	0.1743526009957572	1.3489277657309855	-1.271677452137147	-1.1501942303442263	0.01529076737472801	0.677600075068457	1.1555007498172898	0.8916371443181389	1.5333123058780427	0.2385923326293656	0.6790423597589829	0.07930665164881333	0.0030586559628382618	1.3589509139510603
sim_058	0.0011115359131067782	0.37075869267079775	0.9995457549754817	-0.054536462603162805	0.09405834985930192	0.7379339430679669	-1.1064854088671432	-0.07100297933898236	0.9231103354635869	3.2157716530539497	0.768093288789503	0.15285659654332148	0.029108700403590995	0.04994141426358456	2.0194998036031495
sim_062	0.0009679736337407547	2.768646107976625	1.1343717338939912	-0.34336717522969307	-1.5459657715031612	-0.4772386369103402	-0.2612305249197695	-0.24310949528918185	0.5631651690538868	10.063518060816408	0.418572072166943	0.14044838197201026	0.17330018053946925	0.2676793653215776	1.4851449304549202
sim_063	0.001008272445835897	1.29821417940474	1.6320102196864739	-0.18775252278251695	-0.4005747384988021	-0.15600237122837762	0.04164352923818876	-0.03098122706125017	0.8635241052229149	1.0490939863833784	0.18819760709949918	0.20389894652139331	0.5899434721922265	0.01795997418688096	1.8202995409406322
sim_064	0.0012440230951232124	0.9717843930988546	1.3834187927838546	-1.119731965937424	-0.8174922677264485	-1.2594657181372777	-0.37145859345424337	0.814142961157575	0.5764877912736954	4.082326714071087	0.31623953224100104	0.14240596809266376	0.5379795720932026	0.0033749275731325373	1.243164128602408
sim_065	0.0011341320394512462	0.6417905424513648	1.4308618992199076	-0.4835423547887182	-0.7188512357507952	-0.1155547559318143	0.5046861538476434	1.5492435856387319	1.1585813454419305	0.24747445069538468	0.48352603540627975	0.19525900590652806	0.10665450563575508	0.2145604530514372	1.8696315746844578
sim_066	0.001052374875421574	1.2576970153505829	1.7475655399068064	-0.8409212442646168	-0.7412397301288987	-0.2684430826070262	0.6498523957272919	0.29599872590647847	0.8344765916076704	1.185292302326761	0.16563750194158416	0.39257794090354853	0.1429287571062504	0.2988558000486169	2.111232039031587
sim_068	0.0010526167100728615	1.7091256603846414	1.3200211803625137	-1.4293748975800884	-0.7364697832730902	0.12437843140168603	0.2983221706933865	-0.5673967969802912	0.6299541908683322	0.6487493119273138	0.05327531983727242	0.04945371627500614	0.08864306672318145	0.80862789716454	1.1358279061555312
sim_069	0.0008965162079627424	3.3055763519274883	1.3226398954420466	-0.5742949910294919	-0.46565291637221995	0.3332914087366984	-1.3570646293085136	-0.8693804095578906	0.5562039099195278	2.244138020677566	0.12683701978803438	0.1403924729511845	0.6728717113625471	0.05989879589823402	1.882647764426554
sim_070	0.0010954008268559716	0.9690920805429072	1.9603431933728812	0.34089661613230615	-0.46930937498400016	-0.6691649413571636	-0.44776859945541014	0.10753992261191414	0.7964736157544767	0.4455298137110053	0.2463424373971677	0.021725632698478867	0.006874833330598366	0.725057096573755	1.9498477762369069
sim_071	0.0011325923079350878	0.7297736932250608	1.2264710252870936	-0.8141088474516657	1.1153067788285536	0.3437194425454134	0.19026442905268992	-0.7534469310366664	1.0164813172080664	2.215378076132576	0.11460757259799748	0.3838769721486644	0.4322190004724918	0.06929645478084638	1.970723230975303
sim_072	0.0010015438775063039	0.7713797784310399	1.7725213816623226	0.4056609922420349	0.6330717836859608	-0.09417789312517932	-1.3306159889197857	-1.6687098734123325	0.6630172998120447	23.12101667582672	0.582218132563699	0.1480451561961305	0.19608522879266088	0.07365148244750974	3.475714137284151
sim_073	0.001166028390441742	0.3479365743544452	1.5739977032177457	-1.3129047911297078	-0.9033938313611491	0.018824980569509986	-1.0569773450429056	-0.3406236199369713	0.4872319814453019	2.068885981356209	0.4612365691712344	0.18096637185722889	0.20417810000382558	0.15361895896771097	1.6304650182444964
sim_076	0.0009670641338132443	0.5640583930683498	1.4055539215014605	0.8996270039571306	-0.1609151041409882	-0.6215557042650695	-1.5231188092613916	-0.49782911944353314	0.6833430018078643	0.3006259513585582	0.4508837592341495	0.2601370038684515	0.17826345869735818	0.11071577820004094	3.8973629412219646
sim_077	0.0009591187708005779	0.48109987973498614	1.7720773603137405	0.3472550762766703	-1.0134644705564653	0.18441613049522776	-0.35766068335165957	-0.10729873214614033	0.8274963886939839	0.935379548108908	0.17255447159547183	0.38655966240708206	0.31620418658262534	0.12468167941482067	2.339756202452767
sim_080	0.0008672947534472087	0.6686717472534031	1.6873654670612874	0.0020248597669050607	-0.3288543205705399	-0.712749418399768	0.5171892345811158	0.46579761614949927	0.9887454064815718	32.33825386110909	0.10578406130366878	0.3406787828151328	0.4675439879612503	0.08599316791994815	2.1851427421287033
sim_081	0.0010115580417488599	0.5861751007340589	1.5743920341331306	-0.9254433353884408	-0.20406441381281437	0.11742559640104933	-0.6286561119816126	0.11111004888293174	0.7364413768593454	1.1320657486782801	0.036698882344242435	0.20958106059387674	0.027827754735753912	0.725892302326127	2.243964749089841
sim_083	0.0010887813293214133	0.513408290556558	1.7561155809384108	0.21731553970356066	0.5938897305065338	-0.7303098099750025	-1.0458156019975027	-0.9706995378042178	0.6790069363667974	4.261575697923763	0.39904375395787195	0.09732666202533619	0.29484939072569283	0.20878019329109904	2.793335797147116
sim_084	0.001053403668999267	0.6232598095589528	1.8321903890343991	-0.8314390400273683	-0.27081965526926	0.7588736379582641	0.3716686625364649	0.44993735873664065	1.100367475648288	1.3970953072666696	0.07643765954477058	0.505545691708561	0.032233524799175337	0.3857831239474931	1.493021337438649
sim_086	0.000896729509716927	5.084679552135516	1.175138064937913	-1.2629496669437175	-0.825871477442043	-0.9174793497970295	0.001272886045190269	0.697202576875771	0.6302964553355758	1.7554614467954592	0.1925029044591239	0.04382082419028261	0.5396212126740815	0.22405505867651204	1.5736596284026905
sim_087	0.0008627159963610683	1.285640616626793	1.8263662958327727	-1.2151137721485719	0.6014784693195865	0.16107024665268854	-1.4096785781332228	-0.5519069955714295	0.6170346326269851	1.3296728106089417	0.3094603600793503	0.012125232360158982	0.3535131758606135	0.3249012316998774	1.5705443251421287
sim_088	0.0008839495575429783	1.8435376407051614	1.1260826360618577	-0.29894264335086496	-0.05679604590245882	0.4525165983369691	-0.45541990191668236	-0.9723564553611675	0.7662860928286827	3.2767075936336387	0.10480933884472161	0.5933914464204119	0.2718462896531662	0.02995292508170021	1.9176415810722727
sim_089	0.0010002043422351974	0.9968080824936393	1.4199241383053238	-0.48041104756808595	0.5822049976635421	0.2610901362607908	-0.23663134805979524	-0.5978606393000562	0.9099900803902392	6.411619279623746	0.4830625625171211	0.2579055410469589	0.25690021773880545	0.0021316786971146426	1.4395953406943873
sim_091	0.0010260336112256215	4.271405007637657	1.8142099356541828	-0.6638694036319119	-0.24732638677955748	-0.20928457706438724	0.15471540396034866	-0.28395370530222735	0.7788446044932366	0.292959413286781	0.23613524334015623	0.3467504031917349	0.20267896882668662	0.2144353846414222	1.6729693243250439
sim_092	0.0008254330726883357	1.0112620179114338	1.5451315162505055	-0.5403740079696464	-0.4081932635443319	-0.4497039070982405	-0.9329021874707881	-0.6672994809977473	0.5489792855537947	12.378049807590987	0.5107642907800836	0.02177370519684374	0.03125244550957488	0.4362095585134978	1.6904421369783074
sim_093	0.0009597700405613628	1.7068245836791616	1.5746412684507487	0.5531536086015088	0.864453343250468	0.33277289175461716	-1.386267290310761	-0.8716333950123012	0.9034774133303548	0.6242878743738909	0.12615813292102815	0.09980615352958373	0.1424401722708787	0.6315955412785094	3.0623680089636633
sim_094	0.0010249159175083299	0.2338416066615913	1.3948143843965088	-1.8294652398648292	-1.0001469376723613	0.17704946191112958	0.1902572209679798	1.1670932800169442	0.7717902653097042	4.36413568936366	0.72531123568989	0.05911117100631223	0.15482615483616446	0.06075143846763327	1.6957547622116746
sim_097	0.001047878408272615	0.5656989619762581	1.4496091103315991	-0.08343652957756192	0.2752942803617077	0.882182138692899	-1.6894629571126243	-1.4346653099418274	0.6636385198797183	2.777041373358665	0.13120319839530756	0.14090722053137358	0.21557994329379912	0.5123096377795195	1.7935328872288845
sim_101	0.001050769276089474	1.289391126722098	1.325542715334949	0.0882993993594721	0.08167874849042411	0.25179126828082216	0.1347064149306315	-0.5500528785912251	1.0012854159338065	46.294308654492234	0.6054194414996384	0.09923412109315002	0.08153618670933852	0.21381025069787313	4.113014702911451
sim_102	0.0009770621269386177	1.2047090699135419	1.4445181384915244	0.08353369090289961	0.5510915278085375	0.42792850843609986	-0.6080126992209731	-1.62905831985987	0.7906471762983079	15.773359655766763	0.790434956677273	0.06012071355243113	0.04096456849397744	0.10847976127631846	2.6798857372121327
sim_103	0.0010055281359508898	2.0976505691989593	1.743588419362994	-0.12273360478201656	0.0937383858924532	0.48426230253295943	-0.9121185468508731	-0.8979730302047635	0.7626432657186923	11.596500981495586	0.6476067992195285	0.11979962501563891	0.20138460740792197	0.031208968356910696	2.0391543311376132
sim_104	0.0010485046499834835	1.214245897686281	1.3195987126880542	-0.1971843066520967	-0.9427627705688485	-1.1424176760462625	-0.3130615998761216	1.3038518746586678	0.7723519834938479	9.288858508245779	0.5908182812215708	0.009754074385940295	0.30139299585007967	0.0980346485424091	5.572309988641518
sim_105	0.0011527737114973128	0.8430616574902682	1.2168140829795828	-0.8872608364312415	0.10190603060467518	-0.9940275466498637	-0.43050178150604856	0.7373061944241572	0.7448923349351888	0.621813954102038	0.022557445915147228	0.16426194982641368	0.4370645757572481	0.376116028501191	2.3460787488131234
sim_106	0.00121269523544154	1.3158020132993073	1.1974984505184885	-0.6987259796704919	0.0063580918271585185	-0.6715446851074536	-1.471037028807484	0.5243221843439081	0.6299432875044002	1.4028287627348446	0.26027702744568043	0.021687842722213784	0.2736285510011189	0.44440657883098694	1.891398927200746
sim_107	0.0011357836000888432	1.79182972492033	1.1539893125084804	-0.4997254360810185	-1.518865100498057	-0.9446406444313706	0.523162500637882	2.3082335779695096	0.9739775542912905	7.102048607850624	0.023122087100192867	0.1190383451260147	0.4458923385529334	0.411947229220859	1.7777531704229905
sim_108	0.0012070778647690042	3.0141882689009725	1.2500780266779923	-1.9574486192529919	-1.0656939748222047	-0.7315463369645885	0.7655371323457296	0.9234379172959266	0.6615678198924312	36.16734028636796	0.13724588743537555	0.2825959057863768	0.06309577927752433	0.5170624275007233	1.121046404738265
sim_110	0.001139431450926815	0.3062083175227887	1.4263423185510438	-1.0338025148226433	-1.0517915826034059	0.08733006005355781	0.3443113936241178	-0.533777112400682	0.6456188587657149	0.8664770757296872	0.19611429327256624	0.6364225777260735	0.04576584915895882	0.12169727984240152	1.9180727552075854
sim_113	0.0013048297121542767	0.5292575718696151	1.2662782956379979	-0.8896462459696786	-0.49043553463542805	-0.7388263554083286	0.10860888679647185	-0.1475389224683904	0.6494901332180463	1.0723016057780623	0.41401276537366416	0.2582349774966767	0.2736438902100377	0.054108366919621426	1.4821886888172506
sim_114	0.0009750542373790705	0.5655228207873692	1.0549152877082024	-0.9657931448929875	-1.3063746454144238	-0.13877807529970543	0.7566650977057277	1.316860899970378	0.9347427010693076	0.3758262761717711	0.05808567079092708	0.3349145514983139	0.2682453945227995	0.33875438318795953	1.6091649983851022
sim_116	0.0010353931076823924	2.2620149030762198	1.7223517122163114	0.15559364077514698	-1.1885774303970182	-0.9174036528500633	-0.031434608442725	0.283626165389771	0.7120271921304474	4.56313287615142	0.5787611490735255	0.09406167402255709	0.02654378342262302	0.30063339348129453	1.900601435739051
sim_118	0.0011544510218290793	0.16865591000867458	1.583673994549763	0.32574225313706706	-0.31867171034170416	-0.3291277719524631	-1.2690066699843523	-1.3943436103827491	0.5504156813715565	3.193556626262929	0.08132518299281513	0.7488357264284495	0.014291766026766215	0.1555473245519691	2.2814080331116466
sim_119	0.0009171117055731745	3.218542716020652	1.57474296158495	1.0682823155219032	0.6231033857941757	-0.2786732292493541	-1.2681073979840551	-0.5148047391077424	0.9286346099303211	1.6891830446648786	0.3314717672303103	0.20550384686876425	0.22858729760774804	0.23443708829317733	3.984023095715443
sim_121	0.0010456863972532254	0.8836856753508425	1.789035813925972	-2.36558120467989	-1.2740154201252962	-0.623558830323276	0.6422701563385309	0.9975432415843808	0.5917515498822277	2.500480626091769	0.15906406127819497	0.4288774931396036	0.08321148895069176	0.3288469566315097	1.3130369747873092
sim_122	0.0009292272823570449	3.483082167782285	1.8709477078704926	-0.5690195479979228	-0.13198428575859183	-0.6855838615121417	-0.6541862792685942	-0.5998397892962665	0.5897109645172651	1.426933762716223	0.4311723989882262	0.1440386602669934	0.09817813479019585	0.3266108059545846	2.4872932754934327
sim_123	0.0009438432658521887	1.801018365939727	1.4205903759600214	-0.3876742859640586	-0.3699934444194785	-0.4498675876039361	-0.25905378164538184	-0.862455425838009	0.6276272089508458	0.3612613483373137	0.10574205855191315	0.3731165247578662	0.326405117827044	0.1947362988631766	2.8788261580351393
sim_124	0.0009687724644322323	0.4871399864067024	1.1037442319388302	-1.941541936310061	-0.27090837730857054	-0.11859732552372915	0.4508282932987706	0.13149984861666386	0.7048685838406566	2.8926890096734854	0.10557241348713499	0.5625710425652913	0.11497583617265873	0.2168807077749149	1.2734711834474775
sim_127	0.0008788244313948288	0.09949018896778374	1.9347650639074998	-0.4201588053948134	-0.37314139521204537	0.7275128485869937	-0.10887592126642548	0.5433251403157366	1.0765186619175118	3.820922252517273	0.20167030963323457	0.24712531847067046	0.40400072426536165	0.14720364763073335	1.9101504678844792
sim_128	0.001038120612345103	0.5288065026125067	2.0720767972335827	-0.3852929042606585	0.13144569349067897	-0.8721252989282782	-0.6778210127933795	-0.17009201468730967	0.6738302142560978	25.396967755091932	0.07379767919652618	0.44492070880990187	0.20852512922180075	0.2727564827717714	1.9532852667255802
sim_131	0.0011868292387786103	2.399987283599905	1.3244803914816585	-1.348664644086685	-0.8184216592241567	-0.09631486378095588	-0.07619308899622435	0.8186596907485131	0.7377229635006914	0.6075200080904047	0.572764306795889	0.22087391871960335	0.1169449738107437	0.0894168006737639	1.3414351243026295
sim_132	0.0008670249463305406	1.5549721255897637	1.6180641097616935	-1.0314375793574817	-0.08476687524378534	0.1982517537997881	-0.4062441497615269	-0.04564097758853247	0.7603567365524346	14.335904114480668	0.6000444808215126	0.09899133478930887	0.13345678280287704	0.1675074015863013	1.5549932230746923
sim_133	0.0009095929931116123	2.564120114677467	1.803364879289947	0.2785119138330791	-0.2962279730068787	0.21369676707146718	-0.14521330926266268	-0.23113667645146846	0.9645690520616931	0.7525118982688684	0.025119137326840985	0.17727317923554037	0.3760042873006089	0.42160339613700976	2.2046542837295418
sim_134	0.0007730897323352118	0.6616865934003849	1.3941197900307654	-0.9621483550919488	-0.49451089884513116	-0.49490876035238496	0.04028013560763444	1.1699959462734366	0.8622083031875776	1.8089958860302753	0.37012657057307313	0.030217843035721306	0.2105457902079668	0.38910979618323877	2.183651707596235
sim_135	0.0009986193420960748	0.5080999618605763	1.3298560994408108	-2.5434855979840827	-2.1204019316133738	0.47329499398065256	0.7491873370046558	0.9969650892328854	0.6133080002282959	19.875307076867767	0.10798826367081776	0.4351447725011842	0.40516671369109836	0.05170025013689957	1.0830197538261395
sim_137	0.0010230676034878382	0.6973991233529696	1.0695402788511028	-0.7232906359358467	-0.024831316080718202	0.4907220978913315	-0.042852634587351224	0.0766385148008022	0.9562625260572418	0.2532913848957188	0.03686392955088822	0.3081749065152201	0.315511114429549	0.3394500495043428	1.2360969727194324
sim_138	0.001029055993562692	0.28881898014614044	1.7490063078431906	-0.539548815686467	-0.18199190683752553	0.16599650636088814	0.5113232182679697	0.3579821600391361	1.0647629928057305	1.0768892473641012	0.3786981856482953	0.2987264256017948	0.12445751540233493	0.19811787334757508	1.9650900414498165
sim_140	0.0009495458384056648	1.167676781110487	1.3087189715420742	-0.9899672129108069	-0.8495182452057013	0.6328441873490321	0.31610143737796925	0.2559201568335815	0.8808006678778472	26.88829086461361	0.34230373263821756	0.23796937947697736	0.33752663595249927	0.08220025193230579	1.3613550049948637
sim_141	0.0010039810447158891	1.5574415231454017	1.5925447957898498	-0.19815029889825223	-0.6423626758690452	-0.47256461277531725	-0.08021024729734602	0.3706740131500431	0.8150361879470739	0.9018366512334933	0.1498500700312871	0.42829110295291384	0.025522397912676402	0.39633642910312267	3.208715171306567
sim_142	0.0009697366275670527	2.5587129273694145	2.028204558933553	0.40351951473010894	-0.649108703423277	-0.590821332136867	-0.8730059537094721	-0.4199715766669816	0.6531962817639893	0.11895027604701133	0.6665845373253185	0.20799649343692175	0.04387019345541154	0.08154877578234802	4.5795021162748055
sim_143	0.0011514228857576689	0.9539964764644173	1.646431920304849	-1.4502590929573989	-0.49121046647079614	0.40975673459961715	0.22096803470073612	0.6573586119834636	0.877500954732138	3.145801868761437	0.1624479981986363	0.3076730620126197	0.38543807186929346	0.14444086791945046	1.3147832866158873
sim_144	0.0009980326530423407	0.9460748920979767	1.1556119957599849	-0.44826286925748854	-1.0278575646399084	-0.036806442549346785	0.1910012000628281	0.42298838165112734	0.8354477594893738	20.45515140600139	0.2366189330000083	0.2776059646015407	0.43476471125380695	0.05101039114464412	2.636774872453355
sim_145	0.001148472047340589	2.7307536107167234	1.6666806293597118	0.056855418017019266	1.356067755241229	-0.6660200570103285	-0.18389694207385932	-1.1361148561898866	0.89170337904839	13.850237188934981	0.14068371898849122	0.34261392543221275	0.35172242884186117	0.1649799267374348	1.4677569564932464
sim_146	0.0010769070335236409	0.28365444929806194	1.5297465535736787	-2.4753820991485425	-1.1268754591957153	-0.4571518935186054	1.7841587573084077	2.4491841096761675	1.0353988170962234	1.3120441956630955	0.4010247304591905	0.3617896404657748	0.009034842671837464	0.22815078640319714	1.156519462890217
sim_147	0.0009682823908368754	1.4513051472928167	1.4252254500569728	-0.46226362577549446	0.7251618588689821	-0.5760988513817458	-0.9996300969881533	-1.1506140711834332	0.6109812807856042	9.773602463965545	0.21862018271481296	0.5658187947408223	0.12666734954386183	0.08889367300050312	1.9887063763192347
sim_148	0.0009698063623685372	0.451650173172154	1.3186574915617633	0.0052821091091893035	-0.2100781746283898	0.27552149952591537	-0.3246236191135758	-0.9058120289257561	0.7929920815703618	2.6134656286316447	0.3757547951879653	0.22373076291531663	0.09253480805612142	0.30797963384059657	2.521505439736508
sim_149	0.000996140024108857	0.4495994462228412	1.1198300174447242	-0.5619666399138763	0.314938375922553	-0.7631103566940067	-0.4410604896443342	-0.5104133200321415	0.6754862439267505	3.065386286239797	0.26179677072306173	0.014418060542534406	0.6354049151818246	0.08838025355257928	2.6814669893369816
sim_150	0.000934535861874039	0.7117157589587503	1.6911392765947222	0.7451417103457005	-1.5837972790129167	0.07214294818556377	-0.6007377542441643	-0.374836833871355	0.7058041825983911	4.992854502264176	0.19190876879992683	0.03536227934199093	0.4613236922923967	0.31140525956568554	4.066745217834781
sim_151	0.0011139002845479491	0.2666111293560419	1.8833178263185197	-0.1730356483427457	-0.4450070713985223	-1.1330887098612354	-0.5743109129759556	-0.4646646888594694	0.5723403733428721	24.30989516987639	0.45336167942308764	0.21428013327109366	0.07376478763850029	0.2585933996673184	2.6946816680352033
sim_152	0.0010475183795062932	3.75978333104541	1.3951435583100755	0.6790558848272235	-0.5451554490739692	-0.09559176828596827	-0.5007778857245004	-0.08747569141365164	0.8958440057103771	0.7461216078308783	0.20723764938610248	0.25737144252332533	0.3752425281191247	0.16014837997144754	6.314738430304022
sim_155	0.0010030001761937295	2.634348765804388	1.0651801964864673	0.6658271115637029	1.2408552755328945	-1.041098144151229	-1.7699123017492955	-1.7951606674076404	0.5828078442020505	0.7020940153711391	0.14727990804368657	0.5725730838284429	0.0012939643917265176	0.2788530437361441	3.1064860727418027
sim_156	0.0010785675054793644	1.8210500426344063	1.4631223642887439	-2.3638896301566734	-1.2935128556262823	-0.2602476278417103	-0.07426710616617482	0.33314715607578194	0.4810644564585098	7.2626424794039375	0.034222139314111215	0.14951918188795835	0.5002648962994716	0.3159937824984588	1.0889000155884165
sim_158	0.0009838924621715034	1.0832710611702758	1.5824995115231797	0.3898563433056275	-0.2395995742512353	-0.057896150929310164	-0.5626959630227382	-0.9933583241206647	0.7462170765282664	4.44118363478115	0.09274024087008252	0.36360557064501586	0.06649574269245176	0.4771584457924499	1.9131164543355226
sim_159	0.0011002919824955194	0.4240869729726127	1.1994736599356735	-0.6397548680990777	-1.0747749975144532	-0.364165961810639	0.2825110015391432	-0.6551059590698128	0.6124682608104022	1.7241407645327749	0.04299140423669695	0.2435819202983941	0.20320545863279965	0.5102212168321093	1.6582816680555534
sim_162	0.0010019837500193252	0.5647185960060834	2.064142822688641	-0.03109557527987054	0.3153985418526593	-0.3339152265217818	0.3254978832196463	-0.4707540164881177	0.9617760240628132	3.971880156154262	0.18832479010746125	0.09780967405257225	0.5695062557087338	0.14435928013123261	4.188311173345032
sim_163	0.0009202863907890923	1.948804632448402	1.3063816212969193	-0.07419982801813028	-0.1416892580254892	0.2576170579837397	-0.0727337037596713	-0.8554180708452167	0.8375412518690101	2.4198525320339077	0.3265996529335201	0.4018688649525787	0.27124693414206397	0.0002845479718372064	1.734697844845305
sim_164	0.0009232750703086426	2.58477464805764	1.4311728194893805	0.17723339724396758	-0.2562456349093722	0.28989189540109755	-1.1125670029862724	-1.0649680270298503	0.6748052998016516	0.9721018610373294	0.24738106931754272	0.3449797082762361	0.07796600267804815	0.32967321972817315	2.210660932415932
sim_165	0.0009327918819510195	2.6135755298271635	1.3062652922278586	0.6602670204447652	-0.11840675260924294	-0.3646890606235407	-0.5880785287424732	-1.2153441101636573	0.7223465375448681	10.866453021198597	0.03188829054865663	0.11459144992482165	0.602302984379122	0.25121727514739967	4.007468100166511
sim_166	0.0011522038081732784	2.3100381429813166	1.792835454816879	-0.5570763976926973	0.409367190720033	0.15148157307361487	-0.669386983086926	-0.8577736776078005	0.7373610178362047	4.9054304151720896	0.18708070527175424	0.1472537450329895	0.4866245625869332	0.17904098710832297	2.6038400287484587
sim_167	0.0008594553819628095	2.025909808182525	1.3761261867745218	-1.2307622563839535	-0.42225313892952654	-0.44507229213121	-0.4187466084890903	0.8268238865746111	0.7131938031186459	2.76779404376076	0.27682727529224666	0.2881689393783055	0.14152345969955477	0.2934803256298931	1.8270599834768437
sim_168	0.0011362549338902255	0.3203293393256322	1.910469994204511	-0.4371376161142946	-1.2750590671432191	-0.6072060150720092	-0.3290144041495969	-0.5449229892825056	0.5279952358371284	1.7612379649387246	0.0023855450815434055	0.034980750463671696	0.8557149582147462	0.10691874624003861	2.519688916217007
sim_169	0.0010591770998772613	4.587007605177213	1.5372058845451522	0.34433150979802857	-0.7269566700965329	-1.2071885607457098	-0.7992340493151391	0.10244828591518168	0.6329778200363929	21.15195774339101	0.09046076651348416	0.007024515785149586	0.8630660744146839	0.03944864328668233	3.118637551703422
sim_170	0.0010931684674335934	0.5469119839019585	1.247832296982648	0.5622485798655418	0.10226682382532204	0.36275841755003957	-0.09294275248263661	-0.9571432445489448	0.9954479569387207	0.7098668255591689	0.08180451527481283	0.351029640411635	0.1850431862953883	0.3821226580181638	2.2843272972653104
sim_171	0.0009326055580976887	0.4999827370421025	1.432734088305453	-0.5905307706584618	-0.6086413855066023	-0.8526638831308434	-0.02783162322410271	0.7743060566157695	0.7702252140037599	7.019382441573604	0.39545220304717166	0.415084104528693	0.10266809905326271	0.08679559337087277	2.047062158209259
sim_173	0.0011184217217968361	0.20447255820022286	1.4907477818810295	0.22837119603163636	-1.0779784495320344	-1.509277981526343	-0.824459433018315	0.14070398429902975	0.5441511960924567	4.946245658266843	0.2657717319419578	0.46503323110037237	0.24516763585897133	0.024027401098698404	1.9608180978765208
sim_174	0.0009941816963565313	0.9628271076979257	1.2626435283881314	-2.3311304569992397	-0.6269320899614461	-0.16636179581771993	0.11455034441507506	0.3946910276108646	0.5927179685880013	8.208791474879128	0.25636788782073067	0.003141370415835802	0.13016657944395432	0.6103241623194792	1.4489997349446666
sim_176	0.0009450746451291989	1.6620627426368262	1.2958411647902532	0.4638024195406326	0.014100198494392646	-0.5424833486246684	-0.33222100441158975	-0.2960915630143931	0.8705947679367869	6.189991497502735	0.2726135733530817	0.1795610100223295	0.21696084172229524	0.3308645749022936	3.463199777748895
sim_177	0.0009541289441311866	0.7051657393826636	1.8581537182710497	-0.5470683074299494	-0.17778186445106342	0.030933866868773308	-0.13107794928735028	-0.6219984297599486	0.7487137559417468	0.11378643852923981	0.08741519346620642	0.04700922748248814	0.5718268721281019	0.2937487069232037	1.5167749216613289
sim_178	0.0010813020093906043	1.9331371703229012	2.0576631684748943	0.011015310575210283	-0.201561826237603	0.08652040006505853	0.17407754618479399	-0.6584666592057528	0.8889777732727865	1.1872771072391888	0.07172914836668831	0.3992848550520208	0.10368633855441586	0.425299658026875	2.2992796208034436
sim_179	0.0009643554849135814	4.439119242785255	1.804573574849952	-0.018641572469037013	-0.08914248277116488	0.6067815752082699	-0.1714985047378777	0.03174018842685049	1.07449183773249	1.0302488063598023	0.050383682862983954	0.313270568389566	0.08792490856377157	0.5484208401836784	2.1933926112478357
sim_180	0.001120037130241781	0.04787319967757727	1.7741179959474493	-1.0385277915164097	-1.3061414668292186	-0.01079206358576923	0.22409305401202806	0.5035117367881106	0.7221146871569896	2.150276473174842	0.029325939188933236	0.4911728590170415	0.09127835043800124	0.38822285135602397	1.5162035826757478
sim_182	0.0010246176516102796	0.6036693857452617	1.6969702920849343	-0.9850354019692072	-0.5562088347020588	-0.007799734628944344	0.6806724099428781	0.4527854430840429	0.9202432666182817	126.39678148977556	0.01592589180851222	0.05079161284468233	0.6526101590708442	0.28067233627596117	1.3711873568726203
sim_183	0.0010751931183345964	1.4384094131133276	1.1881337479197502	-0.7699456619152945	0.0081442590227927	-0.8917274989891566	0.5075488961568082	-0.021534497282992282	0.7917552991702541	29.093991584216518	0.3571580439418175	0.06265657049460237	0.029923240706603675	0.5502621448569766	1.7054140060379388
sim_184	0.0008648367198759393	2.3861660140416654	1.4205803749068004	-1.2553888282757752	-0.8507821064100468	-0.028787495606570568	1.0356778514685574	1.3350047665890046	1.0482738275009706	3.463829777389159	0.11319830381305586	0.6024811783009844	0.08252947291980212	0.20179104496615782	1.4640263995144271
sim_185	0.0010914647621974162	3.918111915470213	1.5594723258644927	-1.6454044473603457	-0.48120725286171173	-0.1663875197171758	-0.6008576874248694	-0.39276233710355446	0.5182363592034824	6.701371733109879	0.2030987979372972	0.5562571245750321	0.06297491737497456	0.17766916011269618	1.2993387743628557
sim_186	0.0008744295154152899	3.069736100282116	1.9411476643647316	0.00565255560072804	-0.6459936757305479	-0.4829627268450936	0.06623036693424407	0.686166450652361	0.9285032426170894	8.816632669965175	0.02316635069403701	0.4250931416803855	0.3399929304381238	0.21174757718745374	1.5517190592084138
sim_189	0.0010511871785887686	1.5724958572694403	1.3098473541990465	-3.0499183040023423	-1.615382202450497	-0.8284570547219801	0.6629615738610752	3.744664252588448	0.8047477964833712	1.6038959292981794	0.2324608565996809	0.5009577244237468	0.20657860989920512	0.06000280907736732	1.0929533018006559
sim_191	0.0008980989125776004	3.124639079861229	1.4422962761878053	-1.4807942868789064	-0.6292705261683624	-0.1045808691818979	0.3636119466020973	-0.6960966878074939	0.600840311334562	4.454428206947658	0.027647631670721172	0.03477569030816829	0.4476992782799179	0.4898773997411926	1.3084685508166687
sim_193	0.000762506874765721	0.2640260403685256	1.6540458806500271	-0.7455489607049774	-0.01047106228814465	0.11839210498673491	0.1515579411812389	0.06287274734296022	0.9188435174849061	2.298970183533921	0.06405334216086964	0.5343759124400469	0.08947062528000425	0.31210012011907934	1.6610633163704984
sim_194	0.0009626675440098904	2.6461478174712325	1.205586402064526	-0.47008033321340387	0.15150137530017654	-1.2272849321941497	0.47700771134066206	-0.6792016116579205	0.7049618732808759	0.3061166409261247	0.2598863304077427	0.3167804845050709	0.09853422012816752	0.324798964959019	1.9772975540052449
sim_195	0.001312927160304272	0.6297793863447441	1.107112555106787	-1.7585851987148606	-1.34114444535178	-1.6989359879312136	0.00944704402744101	1.301845717071159	0.4978409780282133	1.3613993628233596	0.5060523506660097	0.262823356820038	0.02291063411306538	0.20821365840088701	1.1196258377525967
sim_199	0.0010445752315436185	0.274320334066129	1.4656452369725097	-0.6076800580445714	-0.6641540946192017	-0.0028792484384758676	-0.7259123751588208	-0.5245881755703289	0.6034797517549223	2.612532129151096	0.06936419834930756	0.850018329072074	0.06428564934251584	0.016331823236102612	1.6066888459393147
